,Open,High,Low,Close,Adj Close,Volume,Date
0,37.490002,38.200001,37.209999,37.529999,37.529999,374000.0,2017-07-12T00:00:00
1,37.68,37.880001,36.790001,37.07,37.07,255600.0,2017-07-13T00:00:00
2,37.080002,37.310001,36.935001,36.959999,36.959999,183300.0,2017-07-14T00:00:00
3,36.950001,37.380001,36.66,37.259998,37.259998,390600.0,2017-07-17T00:00:00
4,37.130001,37.82,37.07,37.709999,37.709999,118400.0,2017-07-18T00:00:00
5,37.759998,38.240002,37.191002,38.009998,38.009998,130000.0,2017-07-19T00:00:00
6,38.049999,38.355999,37.544998,37.889999,37.889999,88800.0,2017-07-20T00:00:00
7,38.07,38.369999,37.66,37.900002,37.900002,108400.0,2017-07-21T00:00:00
8,37.939999,37.98,37.41,37.759998,37.759998,157300.0,2017-07-24T00:00:00
9,37.549999,37.689999,36.73,37.189999,37.189999,389000.0,2017-07-25T00:00:00
10,37.34,37.580002,36.880001,37.509998,37.509998,269400.0,2017-07-26T00:00:00
11,37.650002,38.240002,36.779999,37.290001,37.290001,450500.0,2017-07-27T00:00:00
12,37.169998,37.935001,36.240002,37.869999,37.869999,166400.0,2017-07-28T00:00:00
13,38.099998,38.16,37.863998,38.029999,38.029999,147100.0,2017-07-31T00:00:00
14,38.16,38.889999,37.889999,38.740002,38.740002,565300.0,2017-08-01T00:00:00
15,39.139999,39.220001,37.16,37.330002,37.330002,526000.0,2017-08-02T00:00:00
16,37.25,39.32,37.25,38.630001,38.630001,405800.0,2017-08-03T00:00:00
17,38.740002,39.040001,38.060001,38.790001,38.790001,278900.0,2017-08-04T00:00:00
18,38.799999,39.584,38.48,39.220001,39.220001,287900.0,2017-08-07T00:00:00
19,39.0,40.009998,38.549999,39.509998,39.509998,681700.0,2017-08-08T00:00:00
20,41.0,42.48,38.029999,41.470001,41.470001,1826000.0,2017-08-09T00:00:00
21,40.880001,41.860001,40.470001,40.549999,40.549999,503000.0,2017-08-10T00:00:00
22,40.360001,40.970001,39.5,40.799999,40.799999,1069600.0,2017-08-11T00:00:00
23,40.990002,42.16,40.959999,42.16,42.16,695500.0,2017-08-14T00:00:00
24,42.360001,42.438999,41.66,41.900002,41.900002,289500.0,2017-08-15T00:00:00
25,42.099998,42.84,41.810001,42.189999,42.189999,382800.0,2017-08-16T00:00:00
26,42.049999,42.419998,41.869999,42.189999,42.189999,300500.0,2017-08-17T00:00:00
27,42.59,42.830002,42.040001,42.68,42.68,384300.0,2017-08-18T00:00:00
28,42.700001,44.630001,42.650002,43.720001,43.720001,558000.0,2017-08-21T00:00:00
29,43.759998,44.73,43.529999,44.59,44.59,414400.0,2017-08-22T00:00:00
30,43.700001,44.700001,43.029999,44.509998,44.509998,607900.0,2017-08-23T00:00:00
31,43.27,44.279999,43.040001,43.330002,43.330002,657200.0,2017-08-24T00:00:00
32,43.610001,44.119999,43.509998,43.720001,43.720001,304200.0,2017-08-25T00:00:00
33,43.810001,44.709999,43.720001,44.689999,44.689999,369100.0,2017-08-28T00:00:00
34,44.32,45.34,44.310001,45.25,45.25,348100.0,2017-08-29T00:00:00
35,45.080002,45.93,44.869999,45.779999,45.779999,537800.0,2017-08-30T00:00:00
36,45.52,45.599998,44.540001,44.919998,44.919998,496300.0,2017-08-31T00:00:00
37,44.900002,45.52,44.82,45.310001,45.310001,290700.0,2017-09-01T00:00:00
38,45.32,45.57,44.68,45.470001,45.470001,338800.0,2017-09-05T00:00:00
39,44.049999,45.0,40.970001,44.220001,44.220001,2026600.0,2017-09-06T00:00:00
40,44.310001,45.0,43.59,44.650002,44.650002,553400.0,2017-09-07T00:00:00
41,44.57,44.881001,44.259998,44.630001,44.630001,343600.0,2017-09-08T00:00:00
42,44.880001,45.0,44.18,44.57,44.57,389500.0,2017-09-11T00:00:00
43,44.490002,44.490002,42.779999,43.290001,43.290001,490500.0,2017-09-12T00:00:00
44,43.290001,44.27,43.27,44.209999,44.209999,501500.0,2017-09-13T00:00:00
45,44.220001,44.98,43.84,44.68,44.68,507100.0,2017-09-14T00:00:00
46,44.740002,45.0,44.029999,44.380001,44.380001,982700.0,2017-09-15T00:00:00
47,44.369999,45.349998,44.169998,45.09,45.09,673600.0,2017-09-18T00:00:00
48,45.34,45.349998,44.0,44.73,44.73,547800.0,2017-09-19T00:00:00
49,44.639999,45.009998,44.375,44.900002,44.900002,425500.0,2017-09-20T00:00:00
50,44.740002,45.0,44.189999,44.630001,44.630001,507500.0,2017-09-21T00:00:00
51,44.790001,44.950001,44.549999,44.75,44.75,194400.0,2017-09-22T00:00:00
52,44.779999,45.200001,43.580002,43.779999,43.779999,286100.0,2017-09-25T00:00:00
53,43.889999,44.57,43.790001,44.290001,44.290001,351900.0,2017-09-26T00:00:00
54,44.580002,45.375,44.580002,45.119999,45.119999,538000.0,2017-09-27T00:00:00
55,45.310001,45.419998,44.75,45.040001,45.040001,324000.0,2017-09-28T00:00:00
56,45.16,45.23,44.748001,45.18,45.18,431700.0,2017-09-29T00:00:00
57,45.389999,47.258999,45.293999,47.119999,47.119999,863600.0,2017-10-02T00:00:00
58,47.560001,48.380001,47.25,47.619999,47.619999,549600.0,2017-10-03T00:00:00
59,47.619999,47.619999,46.709999,47.02,47.02,200400.0,2017-10-04T00:00:00
60,47.34,47.740002,46.869999,47.029999,47.029999,168600.0,2017-10-05T00:00:00
61,46.759998,47.736,45.5,47.41,47.41,414800.0,2017-10-06T00:00:00
62,47.41,48.48,47.07,47.869999,47.869999,367700.0,2017-10-09T00:00:00
63,47.73,47.919998,46.810001,47.5,47.5,250500.0,2017-10-10T00:00:00
64,47.5,48.32,47.266998,48.099998,48.099998,248800.0,2017-10-11T00:00:00
65,48.119999,48.814999,47.970001,48.52,48.52,323000.0,2017-10-12T00:00:00
66,48.580002,48.98,48.009998,48.259998,48.259998,416300.0,2017-10-13T00:00:00
67,48.549999,48.605,47.57,47.91,47.91,315700.0,2017-10-16T00:00:00
68,47.900002,48.25,47.790001,48.139999,48.139999,132400.0,2017-10-17T00:00:00
69,48.279999,48.689999,48.009998,48.450001,48.450001,230500.0,2017-10-18T00:00:00
70,47.869999,47.939999,47.150002,47.509998,47.509998,200700.0,2017-10-19T00:00:00
71,47.68,47.93,47.439999,47.91,47.91,185800.0,2017-10-20T00:00:00
72,48.0,48.199001,47.521,47.919998,47.919998,177400.0,2017-10-23T00:00:00
73,48.290001,49.490002,47.970001,49.279999,49.279999,315900.0,2017-10-24T00:00:00
74,49.169998,49.200001,47.119999,47.349998,47.349998,346600.0,2017-10-25T00:00:00
75,47.209999,47.299999,45.610001,46.09,46.09,494200.0,2017-10-26T00:00:00
76,46.48,47.060001,45.389999,46.950001,46.950001,533800.0,2017-10-27T00:00:00
77,47.009998,47.099998,46.23,46.639999,46.639999,167400.0,2017-10-30T00:00:00
78,46.740002,46.999001,46.32,46.68,46.68,306300.0,2017-10-31T00:00:00
79,46.75,46.84,45.389999,45.900002,45.900002,319300.0,2017-11-01T00:00:00
80,45.889999,46.349998,44.541,45.959999,45.959999,350000.0,2017-11-02T00:00:00
81,45.84,46.099998,45.41,45.950001,45.950001,621100.0,2017-11-03T00:00:00
82,46.150002,47.77,46.080002,47.240002,47.240002,456700.0,2017-11-06T00:00:00
83,47.439999,47.860001,45.790001,46.119999,46.119999,329400.0,2017-11-07T00:00:00
84,45.919998,47.48,45.610001,46.970001,46.970001,523800.0,2017-11-08T00:00:00
85,44.310001,44.990002,38.509998,40.200001,40.200001,2031800.0,2017-11-09T00:00:00
86,40.200001,41.189999,39.841999,40.59,40.59,648400.0,2017-11-10T00:00:00
87,40.48,40.939999,40.0,40.810001,40.810001,475900.0,2017-11-13T00:00:00
88,40.650002,41.735001,40.314999,41.639999,41.639999,966900.0,2017-11-14T00:00:00
89,41.139999,42.200001,41.099998,42.099998,42.099998,428500.0,2017-11-15T00:00:00
90,42.110001,44.150002,42.099998,43.919998,43.919998,803300.0,2017-11-16T00:00:00
91,43.849998,44.5,43.490002,44.200001,44.200001,534400.0,2017-11-17T00:00:00
92,44.200001,45.369999,44.200001,45.330002,45.330002,427300.0,2017-11-20T00:00:00
93,45.439999,46.16,45.240002,45.459999,45.459999,433000.0,2017-11-21T00:00:00
94,45.939999,46.544998,45.5,45.75,45.75,293600.0,2017-11-22T00:00:00
95,45.799999,46.439999,45.009998,45.299999,45.299999,207700.0,2017-11-24T00:00:00
96,45.189999,45.59,44.700001,44.84,44.84,315400.0,2017-11-27T00:00:00
97,44.700001,44.700001,41.169998,43.77,43.77,1356700.0,2017-11-28T00:00:00
98,43.740002,43.790001,40.630001,41.130001,41.130001,743800.0,2017-11-29T00:00:00
99,41.41,42.0,40.48,40.990002,40.990002,503400.0,2017-11-30T00:00:00
100,40.709999,40.990002,38.849998,39.299999,39.299999,796500.0,2017-12-01T00:00:00
101,39.400002,39.849998,37.419998,37.580002,37.580002,1087500.0,2017-12-04T00:00:00
102,37.41,38.439999,36.639999,37.41,37.41,759800.0,2017-12-05T00:00:00
103,37.220001,38.150002,37.110001,37.549999,37.549999,452300.0,2017-12-06T00:00:00
104,37.549999,38.529999,36.990002,37.75,37.75,1456700.0,2017-12-07T00:00:00
105,38.130001,38.650002,37.41,37.509998,37.509998,554800.0,2017-12-08T00:00:00
106,37.490002,38.182999,37.16,37.189999,37.189999,528900.0,2017-12-11T00:00:00
107,37.080002,37.939999,36.625,36.700001,36.700001,526800.0,2017-12-12T00:00:00
108,36.93,37.610001,36.700001,37.27,37.27,528900.0,2017-12-13T00:00:00
109,37.18,37.709999,36.529999,36.810001,36.810001,552000.0,2017-12-14T00:00:00
110,36.860001,37.470001,36.34,37.16,37.16,800300.0,2017-12-15T00:00:00
111,37.220001,37.733002,36.48,36.869999,36.869999,493400.0,2017-12-18T00:00:00
112,36.790001,36.869999,36.125,36.18,36.18,482500.0,2017-12-19T00:00:00
113,36.169998,36.700001,35.799999,36.540001,36.540001,574300.0,2017-12-20T00:00:00
114,38.66,40.23,38.48,39.110001,39.110001,1251000.0,2017-12-21T00:00:00
115,39.099998,39.119999,36.830002,37.150002,37.150002,1109700.0,2017-12-22T00:00:00
116,37.150002,37.549999,36.689999,37.029999,37.029999,653700.0,2017-12-26T00:00:00
117,36.990002,37.720001,36.720001,37.419998,37.419998,800300.0,2017-12-27T00:00:00
118,37.560001,38.25,37.490002,37.720001,37.720001,558000.0,2017-12-28T00:00:00
119,37.700001,38.209999,37.293999,37.75,37.75,4521500.0,2017-12-29T00:00:00
120,37.75,38.049999,36.900002,37.610001,37.610001,650400.0,2018-01-02T00:00:00
121,37.599998,37.709999,36.68,36.709999,36.709999,593700.0,2018-01-03T00:00:00
122,36.75,37.060001,36.240002,36.5,36.5,886700.0,2018-01-04T00:00:00
123,36.59,36.810001,35.84,35.970001,35.970001,679300.0,2018-01-05T00:00:00
124,36.09,36.860001,35.919998,36.810001,36.810001,638900.0,2018-01-08T00:00:00
125,36.849998,36.950001,36.299999,36.32,36.32,425100.0,2018-01-09T00:00:00
126,36.130001,36.529999,36.07,36.23,36.23,391300.0,2018-01-10T00:00:00
127,36.23,36.57,35.82,36.540001,36.540001,439500.0,2018-01-11T00:00:00
128,36.650002,36.880001,36.200001,36.43,36.43,323300.0,2018-01-12T00:00:00
129,36.529999,37.060001,36.400002,37.009998,37.009998,665100.0,2018-01-16T00:00:00
130,37.310001,38.57,36.990002,38.27,38.27,758900.0,2018-01-17T00:00:00
131,39.919998,40.400002,38.830002,39.43,39.43,865700.0,2018-01-18T00:00:00
132,39.68,39.999001,38.314999,38.73,38.73,806100.0,2018-01-19T00:00:00
133,39.02,39.150002,38.41,38.700001,38.700001,312200.0,2018-01-22T00:00:00
134,38.799999,39.169998,38.560001,38.93,38.93,392900.0,2018-01-23T00:00:00
135,39.169998,39.400002,37.52,37.66,37.66,417500.0,2018-01-24T00:00:00
136,37.990002,38.049999,37.349998,37.68,37.68,454300.0,2018-01-25T00:00:00
137,37.880001,37.880001,37.259998,37.650002,37.650002,417300.0,2018-01-26T00:00:00
138,37.68,38.48,37.410999,37.950001,37.950001,451800.0,2018-01-29T00:00:00
139,37.52,37.959999,37.435001,37.560001,37.560001,202600.0,2018-01-30T00:00:00
140,37.75,38.59,37.75,38.380001,38.380001,289600.0,2018-01-31T00:00:00
141,38.220001,38.75,37.959999,38.200001,38.200001,244900.0,2018-02-01T00:00:00
142,37.84,38.0,36.52,36.580002,36.580002,448900.0,2018-02-02T00:00:00
143,36.240002,36.400002,35.240002,35.939999,35.939999,665900.0,2018-02-05T00:00:00
144,35.279999,36.759998,34.210999,36.5,36.5,547800.0,2018-02-06T00:00:00
145,36.450001,37.599998,36.150002,37.5,37.5,359200.0,2018-02-07T00:00:00
146,37.599998,37.599998,34.970001,35.009998,35.009998,477300.0,2018-02-08T00:00:00
147,35.23,36.389999,34.849998,36.18,36.18,477500.0,2018-02-09T00:00:00
148,36.439999,36.709999,35.150002,35.619999,35.619999,478900.0,2018-02-12T00:00:00
149,35.490002,36.93,35.490002,36.810001,36.810001,413000.0,2018-02-13T00:00:00
150,36.419998,37.299999,35.52,36.970001,36.970001,300100.0,2018-02-14T00:00:00
151,37.07,38.48,36.650002,37.880001,37.880001,372300.0,2018-02-15T00:00:00
152,38.5,38.669998,37.959999,38.400002,38.400002,412900.0,2018-02-16T00:00:00
153,38.400002,38.869999,38.080002,38.630001,38.630001,251600.0,2018-02-20T00:00:00
154,38.82,39.040001,38.5,38.560001,38.560001,317700.0,2018-02-21T00:00:00
155,38.75,38.869999,38.279999,38.639999,38.639999,307900.0,2018-02-22T00:00:00
156,38.919998,39.200001,38.110001,38.900002,38.900002,226700.0,2018-02-23T00:00:00
157,38.91,39.389,38.41,38.57,38.57,440000.0,2018-02-26T00:00:00
158,38.77,39.279999,37.099998,38.169998,38.169998,1186100.0,2018-02-27T00:00:00
159,36.0,37.380001,33.389999,36.134998,36.134998,2094300.0,2018-02-28T00:00:00
160,35.82,37.215,35.540001,36.799999,36.799999,816400.0,2018-03-01T00:00:00
161,36.41,37.490002,35.619999,37.369999,37.369999,458500.0,2018-03-02T00:00:00
162,37.150002,37.189999,36.439999,36.580002,36.580002,633700.0,2018-03-05T00:00:00
163,37.119999,37.970001,36.75,37.59,37.59,563200.0,2018-03-06T00:00:00
164,37.279999,38.23,37.055,37.349998,37.349998,529300.0,2018-03-07T00:00:00
165,37.310001,38.279999,37.310001,38.25,38.25,502700.0,2018-03-08T00:00:00
166,38.490002,39.700001,38.299999,38.59,38.59,482000.0,2018-03-09T00:00:00
167,38.529999,39.650002,38.400002,39.369999,39.369999,362900.0,2018-03-12T00:00:00
168,39.349998,39.799999,39.27,39.57,39.57,395300.0,2018-03-13T00:00:00
169,39.610001,40.040001,39.279999,39.799999,39.799999,513700.0,2018-03-14T00:00:00
170,39.799999,39.999001,38.75,38.900002,38.900002,614800.0,2018-03-15T00:00:00
171,38.900002,39.0,38.465,38.93,38.93,468000.0,2018-03-16T00:00:00
172,39.099998,39.099998,37.919998,38.599998,38.599998,625500.0,2018-03-19T00:00:00
173,38.740002,39.43,38.43,39.009998,39.009998,327100.0,2018-03-20T00:00:00
174,39.029999,40.040001,38.904999,39.799999,39.799999,474500.0,2018-03-21T00:00:00
175,39.52,39.634998,38.560001,38.939999,38.939999,529500.0,2018-03-22T00:00:00
176,38.950001,39.435001,37.674999,37.77,37.77,270300.0,2018-03-23T00:00:00
177,38.330002,39.060001,37.669998,38.93,38.93,313300.0,2018-03-26T00:00:00
178,39.119999,39.189999,37.509998,37.849998,37.849998,319200.0,2018-03-27T00:00:00
179,37.799999,37.799999,36.5,36.740002,36.740002,575900.0,2018-03-28T00:00:00
180,36.98,37.970001,36.599998,37.740002,37.740002,486600.0,2018-03-29T00:00:00
181,37.59,38.279999,36.369999,37.360001,37.360001,507800.0,2018-04-02T00:00:00
182,37.610001,38.93,37.610001,38.790001,38.790001,410700.0,2018-04-03T00:00:00
183,38.110001,38.950001,37.59,38.810001,38.810001,215900.0,2018-04-04T00:00:00
184,39.0,39.5,38.123001,38.889999,38.889999,328500.0,2018-04-05T00:00:00
185,38.669998,39.119999,38.009998,38.52,38.52,400400.0,2018-04-06T00:00:00
186,38.830002,39.035,37.93,37.970001,37.970001,290900.0,2018-04-09T00:00:00
187,38.470001,38.66,37.93,38.529999,38.529999,222700.0,2018-04-10T00:00:00
188,38.419998,39.310001,38.419998,38.849998,38.849998,430200.0,2018-04-11T00:00:00
189,39.130001,39.560001,38.720001,38.91,38.91,303000.0,2018-04-12T00:00:00
190,39.099998,39.740002,38.889999,39.459999,39.459999,346300.0,2018-04-13T00:00:00
191,39.709999,40.689999,39.43,40.25,40.25,317400.0,2018-04-16T00:00:00
192,40.599998,41.900002,40.380001,41.790001,41.790001,535800.0,2018-04-17T00:00:00
193,41.900002,42.900002,41.650002,42.709999,42.709999,383900.0,2018-04-18T00:00:00
194,42.439999,42.5,41.509998,42.150002,42.150002,264100.0,2018-04-19T00:00:00
195,42.07,42.880001,41.519001,41.990002,41.990002,230800.0,2018-04-20T00:00:00
196,42.209999,42.310001,41.564999,41.77,41.77,160300.0,2018-04-23T00:00:00
197,42.099998,42.450001,40.709999,41.110001,41.110001,340800.0,2018-04-24T00:00:00
198,41.099998,41.209999,40.099998,40.59,40.59,228300.0,2018-04-25T00:00:00
199,40.310001,41.528999,39.487999,40.639999,40.639999,479700.0,2018-04-26T00:00:00
200,40.849998,41.060001,40.029999,40.27,40.27,416300.0,2018-04-27T00:00:00
201,40.52,41.330002,40.360001,40.380001,40.380001,311400.0,2018-04-30T00:00:00
202,40.150002,40.77,39.799999,40.599998,40.599998,297400.0,2018-05-01T00:00:00
203,40.810001,42.470001,40.721001,42.32,42.32,457100.0,2018-05-02T00:00:00
204,42.25,42.810001,41.450001,42.540001,42.540001,452100.0,2018-05-03T00:00:00
205,43.77,43.867001,39.360001,40.98,40.98,1056700.0,2018-05-04T00:00:00
206,40.919998,40.919998,39.068001,39.57,39.57,576300.0,2018-05-07T00:00:00
207,39.509998,39.970001,39.240002,39.700001,39.700001,297900.0,2018-05-08T00:00:00
208,39.709999,39.950001,39.009998,39.650002,39.650002,529200.0,2018-05-09T00:00:00
209,39.68,40.439999,39.300999,39.740002,39.740002,343100.0,2018-05-10T00:00:00
210,39.849998,40.049999,39.330002,39.639999,39.639999,250300.0,2018-05-11T00:00:00
211,39.700001,40.275002,39.610001,40.150002,40.150002,342300.0,2018-05-14T00:00:00
212,40.040001,41.029999,39.84,40.724998,40.724998,373200.0,2018-05-15T00:00:00
213,40.709999,40.880001,40.369999,40.740002,40.740002,336500.0,2018-05-16T00:00:00
214,40.740002,41.615002,40.220001,41.529999,41.529999,414800.0,2018-05-17T00:00:00
215,41.66,42.540001,41.66,42.259998,42.259998,317900.0,2018-05-18T00:00:00
216,42.669998,43.259998,42.360001,42.66,42.66,342800.0,2018-05-21T00:00:00
217,42.880001,42.880001,41.869999,42.32,42.32,347900.0,2018-05-22T00:00:00
218,42.099998,42.91,42.0,42.830002,42.830002,177300.0,2018-05-23T00:00:00
219,42.759998,43.130001,42.599998,42.82,42.82,194200.0,2018-05-24T00:00:00
220,42.709999,43.380001,42.68,43.09,43.09,162200.0,2018-05-25T00:00:00
221,42.959999,43.830002,42.73,43.709999,43.709999,286700.0,2018-05-29T00:00:00
222,43.810001,44.41,43.810001,44.130001,44.130001,473200.0,2018-05-30T00:00:00
223,43.709999,44.73,43.709999,44.43,44.43,513100.0,2018-05-31T00:00:00
224,44.77,45.389999,44.040001,45.16,45.16,513700.0,2018-06-01T00:00:00
225,45.209999,45.419998,44.810001,44.889999,44.889999,336300.0,2018-06-04T00:00:00
226,44.919998,45.360001,44.849998,45.299999,45.299999,287000.0,2018-06-05T00:00:00
227,45.349998,46.099998,45.099998,45.759998,45.759998,326300.0,2018-06-06T00:00:00
228,45.869999,45.869999,44.959999,45.220001,45.220001,391600.0,2018-06-07T00:00:00
229,45.16,46.099998,45.060001,45.41,45.41,343600.0,2018-06-08T00:00:00
230,45.349998,46.200001,45.349998,46.02,46.02,314300.0,2018-06-11T00:00:00
231,45.119999,45.279999,42.849998,43.93,43.93,1323200.0,2018-06-12T00:00:00
232,43.919998,45.48,43.52,44.34,44.34,557400.0,2018-06-13T00:00:00
233,44.25,45.639999,44.049999,45.490002,45.490002,524600.0,2018-06-14T00:00:00
234,45.490002,45.650002,44.905998,45.52,45.52,408600.0,2018-06-15T00:00:00
235,45.25,45.68,44.5,45.540001,45.540001,370000.0,2018-06-18T00:00:00
236,45.330002,45.369999,43.82,45.290001,45.290001,275800.0,2018-06-19T00:00:00
237,43.380001,43.73,39.0,39.509998,39.509998,1426200.0,2018-06-20T00:00:00
238,39.950001,39.950001,37.200001,37.290001,37.290001,1309200.0,2018-06-21T00:00:00
239,37.509998,37.764999,36.279999,37.599998,37.599998,2219100.0,2018-06-22T00:00:00
240,38.75,39.98,38.43,39.09,39.09,1340500.0,2018-06-25T00:00:00
241,39.080002,39.860001,38.720001,39.240002,39.240002,425200.0,2018-06-26T00:00:00
242,39.369999,40.189999,39.119999,39.290001,39.290001,597700.0,2018-06-27T00:00:00
243,39.09,39.860001,38.639999,39.689999,39.689999,469800.0,2018-06-28T00:00:00
244,39.91,40.549999,39.389999,40.380001,40.380001,302200.0,2018-06-29T00:00:00
245,40.18,41.25,39.939999,41.169998,41.169998,462500.0,2018-07-02T00:00:00
246,41.32,41.799999,40.740002,41.48,41.48,198400.0,2018-07-03T00:00:00
247,41.599998,42.43,41.310001,42.150002,42.150002,445900.0,2018-07-05T00:00:00
248,42.200001,42.490002,41.889999,42.290001,42.290001,335400.0,2018-07-06T00:00:00
249,42.689999,42.91,42.240002,42.59,42.59,354200.0,2018-07-09T00:00:00
250,42.75,43.130001,42.130001,42.709999,42.709999,203400.0,2018-07-10T00:00:00
251,42.619999,43.080002,42.16,42.490002,42.490002,358900.0,2018-07-11T00:00:00
252,42.599998,43.389999,42.139999,43.139999,43.139999,310400.0,2018-07-12T00:00:00
253,43.290001,43.57,42.689999,42.93,42.93,283400.0,2018-07-13T00:00:00
254,42.84,43.470001,42.5,43.419998,43.419998,244700.0,2018-07-16T00:00:00
255,43.349998,44.049999,43.279999,43.990002,43.990002,148300.0,2018-07-17T00:00:00
256,44.02,44.25,43.470001,44.060001,44.060001,235600.0,2018-07-18T00:00:00
257,43.650002,44.700001,43.549999,44.380001,44.380001,290400.0,2018-07-19T00:00:00
258,44.509998,44.880001,44.0,44.040001,44.040001,333600.0,2018-07-20T00:00:00
259,43.84,44.52,42.490002,44.400002,44.400002,297000.0,2018-07-23T00:00:00
260,44.639999,44.689999,43.209999,43.5,43.5,334800.0,2018-07-24T00:00:00
261,43.389999,43.990002,43.099998,43.889999,43.889999,275100.0,2018-07-25T00:00:00
262,43.599998,43.990002,43.349998,43.919998,43.919998,148700.0,2018-07-26T00:00:00
263,44.119999,44.380001,42.639999,42.779999,42.779999,164400.0,2018-07-27T00:00:00
264,42.849998,43.245998,41.275002,41.77,41.77,161600.0,2018-07-30T00:00:00
265,41.970001,42.990002,41.775002,42.869999,42.869999,190300.0,2018-07-31T00:00:00
266,42.869999,43.849998,42.619999,43.400002,43.400002,226300.0,2018-08-01T00:00:00
267,43.18,44.759998,43.080002,44.740002,44.740002,266200.0,2018-08-02T00:00:00
268,44.849998,44.849998,43.650002,44.080002,44.080002,178500.0,2018-08-03T00:00:00
269,44.0,44.73,43.799999,44.5,44.5,315400.0,2018-08-06T00:00:00
270,44.0,45.299999,43.110001,44.939999,44.939999,497500.0,2018-08-07T00:00:00
271,49.66,52.599998,47.470001,48.240002,48.240002,2446400.0,2018-08-08T00:00:00
272,48.639999,50.52,48.439999,49.150002,49.150002,635200.0,2018-08-09T00:00:00
273,49.150002,50.75,48.779999,50.279999,50.279999,740600.0,2018-08-10T00:00:00
274,50.189999,51.18,49.880001,50.700001,50.700001,423600.0,2018-08-13T00:00:00
275,51.0,51.709999,50.361,50.639999,50.639999,364600.0,2018-08-14T00:00:00
276,50.389999,51.740002,50.130001,51.43,51.43,432000.0,2018-08-15T00:00:00
277,51.869999,54.0,51.869999,53.549999,53.549999,683800.0,2018-08-16T00:00:00
278,53.380001,54.93,53.119999,54.880001,54.880001,682000.0,2018-08-17T00:00:00
279,55.0,56.0,54.32,55.68,55.68,510400.0,2018-08-20T00:00:00
280,55.639999,57.019001,55.605,56.709999,56.709999,493600.0,2018-08-21T00:00:00
281,56.709999,57.919998,56.700001,57.669998,57.669998,436700.0,2018-08-22T00:00:00
282,57.669998,57.900002,54.150002,54.59,54.59,967700.0,2018-08-23T00:00:00
283,54.91,56.049999,54.599998,55.939999,55.939999,392600.0,2018-08-24T00:00:00
284,56.0,56.375,53.939999,54.25,54.25,464800.0,2018-08-27T00:00:00
285,54.450001,55.48,53.810001,54.75,54.75,466700.0,2018-08-28T00:00:00
286,55.009998,55.380001,54.669998,54.709999,54.709999,229400.0,2018-08-29T00:00:00
287,54.639999,55.799999,54.450001,55.48,55.48,372400.0,2018-08-30T00:00:00
288,55.5,56.459999,54.66,56.290001,56.290001,341800.0,2018-08-31T00:00:00
289,56.009998,57.869999,55.381001,57.75,57.75,445800.0,2018-09-04T00:00:00
290,57.82,59.053001,56.68,58.720001,58.720001,533000.0,2018-09-05T00:00:00
291,57.290001,57.290001,52.400002,55.150002,55.150002,2186800.0,2018-09-06T00:00:00
292,55.240002,56.959999,55.080002,55.209999,55.209999,694600.0,2018-09-07T00:00:00
293,55.490002,57.0,55.439999,56.950001,56.950001,511400.0,2018-09-10T00:00:00
294,56.59,57.02,55.273998,56.540001,56.540001,400000.0,2018-09-11T00:00:00
295,56.580002,57.529999,56.209999,57.419998,57.419998,441900.0,2018-09-12T00:00:00
296,57.75,58.18,56.950001,57.509998,57.509998,326800.0,2018-09-13T00:00:00
297,57.509998,57.599998,55.860001,56.459999,56.459999,483900.0,2018-09-14T00:00:00
298,56.25,56.709999,54.75,54.82,54.82,582100.0,2018-09-17T00:00:00
299,56.150002,56.5,54.98,55.84,55.84,667500.0,2018-09-18T00:00:00
300,56.0,56.66,55.259998,55.860001,55.860001,417000.0,2018-09-19T00:00:00
301,56.200001,57.308998,55.130001,57.130001,57.130001,785300.0,2018-09-20T00:00:00
302,57.459999,57.889999,55.560001,56.610001,56.610001,2349700.0,2018-09-21T00:00:00
303,56.279999,57.240002,55.787998,56.66,56.66,373100.0,2018-09-24T00:00:00
304,56.259998,57.790001,56.259998,56.959999,56.959999,381300.0,2018-09-25T00:00:00
305,56.849998,57.540001,55.400002,56.810001,56.810001,390600.0,2018-09-26T00:00:00
306,56.849998,57.91,56.389999,57.220001,57.220001,208500.0,2018-09-27T00:00:00
307,56.91,57.75,56.91,57.400002,57.400002,311700.0,2018-09-28T00:00:00
308,57.919998,60.200001,56.669998,56.91,56.91,648500.0,2018-10-01T00:00:00
309,56.91,56.91,53.790001,55.099998,55.099998,576600.0,2018-10-02T00:00:00
310,54.919998,56.43,54.549999,55.869999,55.869999,264200.0,2018-10-03T00:00:00
311,55.82,56.0,54.84,55.23,55.23,415600.0,2018-10-04T00:00:00
312,53.380001,53.790001,49.27,51.919998,51.919998,1178500.0,2018-10-05T00:00:00
313,51.310001,51.485001,47.93,49.049999,49.049999,850300.0,2018-10-08T00:00:00
314,49.16,49.869999,48.509998,48.700001,48.700001,539600.0,2018-10-09T00:00:00
315,48.610001,48.91,45.209999,45.279999,45.279999,717800.0,2018-10-10T00:00:00
316,45.200001,45.93,43.950001,44.32,44.32,763000.0,2018-10-11T00:00:00
317,46.84,47.056,43.665001,44.299999,44.299999,1036000.0,2018-10-12T00:00:00
318,44.200001,45.540001,43.650002,44.509998,44.509998,442500.0,2018-10-15T00:00:00
319,46.16,48.400002,46.0,48.169998,48.169998,553500.0,2018-10-16T00:00:00
320,48.040001,48.5,47.59,48.419998,48.419998,312300.0,2018-10-17T00:00:00
321,48.130001,48.400002,46.23,46.830002,46.830002,244600.0,2018-10-18T00:00:00
322,46.849998,47.669998,44.950001,45.09,45.09,854100.0,2018-10-19T00:00:00
323,45.060001,46.705002,44.587002,46.400002,46.400002,255000.0,2018-10-22T00:00:00
324,45.439999,46.450001,45.174,46.099998,46.099998,334700.0,2018-10-23T00:00:00
325,45.82,46.189999,43.5,43.650002,43.650002,432200.0,2018-10-24T00:00:00
326,43.98,45.029999,43.84,44.689999,44.689999,279000.0,2018-10-25T00:00:00
327,43.82,43.970001,42.119999,42.68,42.68,530600.0,2018-10-26T00:00:00
328,43.459999,44.119999,40.919998,41.919998,41.919998,319300.0,2018-10-29T00:00:00
329,41.939999,43.349998,41.549999,43.34,43.34,171900.0,2018-10-30T00:00:00
330,43.93,45.02,43.669998,44.48,44.48,287200.0,2018-10-31T00:00:00
331,44.639999,45.59,44.049999,45.43,45.43,327400.0,2018-11-01T00:00:00
332,45.849998,47.18,45.330002,46.869999,46.869999,559300.0,2018-11-02T00:00:00
333,46.880001,46.889999,44.689999,45.91,45.91,678900.0,2018-11-05T00:00:00
334,45.0,46.310001,44.34,45.740002,45.740002,428500.0,2018-11-06T00:00:00
335,45.25,47.75,45.25,47.25,47.25,742000.0,2018-11-07T00:00:00
336,56.060001,56.060001,48.810001,49.650002,49.650002,1849000.0,2018-11-08T00:00:00
337,49.0,49.43,45.790001,47.27,47.27,937200.0,2018-11-09T00:00:00
338,46.970001,47.830002,45.459999,47.189999,47.189999,482100.0,2018-11-12T00:00:00
339,48.91,48.970001,47.169998,47.650002,47.650002,505900.0,2018-11-13T00:00:00
340,48.02,48.549999,47.310001,47.82,47.82,456100.0,2018-11-14T00:00:00
341,47.48,49.028999,47.200001,48.91,48.91,316900.0,2018-11-15T00:00:00
342,48.43,48.900002,47.099998,48.0,48.0,458200.0,2018-11-16T00:00:00
343,48.0,48.400002,44.709999,45.09,45.09,430300.0,2018-11-19T00:00:00
344,44.16,45.130001,43.52,44.639999,44.639999,324900.0,2018-11-20T00:00:00
345,45.25,45.639999,44.509998,45.23,45.23,205200.0,2018-11-21T00:00:00
346,44.720001,46.490002,44.470001,46.0,46.0,314800.0,2018-11-23T00:00:00
347,46.799999,47.585999,46.02,47.41,47.41,251500.0,2018-11-26T00:00:00
348,46.93,47.630001,46.790001,47.43,47.43,149400.0,2018-11-27T00:00:00
349,47.849998,49.389999,47.139999,48.990002,48.990002,236100.0,2018-11-28T00:00:00
350,48.939999,50.130001,48.709999,49.84,49.84,253700.0,2018-11-29T00:00:00
351,50.060001,52.119999,49.880001,50.849998,50.849998,572600.0,2018-11-30T00:00:00
352,51.619999,52.009998,50.490002,51.279999,51.279999,383300.0,2018-12-03T00:00:00
353,50.77,52.48,50.740002,50.900002,50.900002,621600.0,2018-12-04T00:00:00
354,49.889999,52.310001,48.776001,52.290001,52.290001,408700.0,2018-12-06T00:00:00
355,52.049999,53.23,49.939999,50.639999,50.639999,498800.0,2018-12-07T00:00:00
356,50.740002,51.200001,49.18,50.009998,50.009998,458500.0,2018-12-10T00:00:00
357,50.75,52.25,50.540001,51.939999,51.939999,427600.0,2018-12-11T00:00:00
358,51.400002,53.439999,51.310001,53.02,53.02,402600.0,2018-12-12T00:00:00
359,53.41,53.759998,52.814999,53.0,53.0,405200.0,2018-12-13T00:00:00
360,52.619999,53.5,51.029999,53.09,53.09,440600.0,2018-12-14T00:00:00
361,53.02,53.610001,51.459999,51.599998,51.599998,871500.0,2018-12-17T00:00:00
362,52.200001,52.959999,50.169998,50.23,50.23,404100.0,2018-12-18T00:00:00
363,50.450001,50.91,48.150002,48.52,48.52,402100.0,2018-12-19T00:00:00
364,48.349998,48.349998,45.970001,46.869999,46.869999,501500.0,2018-12-20T00:00:00
365,47.060001,47.060001,44.259998,44.43,44.43,932900.0,2018-12-21T00:00:00
366,44.18,46.369999,43.740002,46.240002,46.240002,478200.0,2018-12-24T00:00:00
367,46.290001,49.810001,46.290001,49.799999,49.799999,405300.0,2018-12-26T00:00:00
368,48.970001,51.450001,48.75,51.419998,51.419998,405600.0,2018-12-27T00:00:00
369,51.740002,52.119999,50.259998,51.509998,51.509998,350300.0,2018-12-28T00:00:00
370,51.849998,52.450001,51.349998,51.869999,51.869999,265600.0,2018-12-31T00:00:00
371,51.110001,52.849998,50.779999,52.060001,52.060001,362500.0,2019-01-02T00:00:00
372,51.349998,51.900002,49.720001,49.779999,49.779999,309300.0,2019-01-03T00:00:00
373,50.790001,52.240002,50.474998,51.43,51.43,417900.0,2019-01-04T00:00:00
374,51.419998,51.880001,50.700001,51.490002,51.490002,898500.0,2019-01-07T00:00:00
375,52.110001,54.099998,52.110001,53.639999,53.639999,783700.0,2019-01-08T00:00:00
376,54.09,55.0,53.529999,54.73,54.73,933100.0,2019-01-09T00:00:00
377,54.470001,54.779999,53.75,54.369999,54.369999,482200.0,2019-01-10T00:00:00
378,54.16,55.715,54.040001,54.889999,54.889999,376500.0,2019-01-11T00:00:00
379,54.700001,55.950001,54.313,55.0,55.0,321600.0,2019-01-14T00:00:00
380,55.0,57.139,55.0,56.400002,56.400002,470700.0,2019-01-15T00:00:00
381,56.650002,58.790001,56.603001,57.650002,57.650002,662800.0,2019-01-16T00:00:00
382,57.689999,58.630001,57.549999,57.959999,57.959999,662700.0,2019-01-17T00:00:00
383,58.470001,60.82,58.098,60.380001,60.380001,1156500.0,2019-01-18T00:00:00
384,61.630001,61.636002,58.779999,59.400002,59.400002,963200.0,2019-01-22T00:00:00
385,60.279999,60.869999,59.16,60.169998,60.169998,556200.0,2019-01-23T00:00:00
386,60.23,61.188999,59.779999,61.049999,61.049999,451100.0,2019-01-24T00:00:00
387,61.509998,63.720001,61.369999,62.639999,62.639999,642800.0,2019-01-25T00:00:00
388,62.23,63.150002,61.259998,62.880001,62.880001,447700.0,2019-01-28T00:00:00
389,63.330002,63.330002,62.240002,62.689999,62.689999,265300.0,2019-01-29T00:00:00
390,63.290001,63.290001,61.130001,62.040001,62.040001,519200.0,2019-01-30T00:00:00
391,62.130001,63.07,62.099998,62.93,62.93,492300.0,2019-01-31T00:00:00
392,63.049999,63.52,61.869999,62.330002,62.330002,624700.0,2019-02-01T00:00:00
393,62.439999,62.875,61.580002,62.150002,62.150002,560700.0,2019-02-04T00:00:00
394,62.110001,62.740002,61.771999,62.0,62.0,681400.0,2019-02-05T00:00:00
395,62.240002,65.449997,61.599998,64.400002,64.400002,1207300.0,2019-02-06T00:00:00
396,63.889999,64.599998,62.52,63.02,63.02,375200.0,2019-02-07T00:00:00
397,62.450001,65.279999,62.058998,64.830002,64.830002,475500.0,2019-02-08T00:00:00
398,65.0,65.580002,63.549999,63.889999,63.889999,524800.0,2019-02-11T00:00:00
399,64.580002,65.279999,64.043999,64.459999,64.459999,269500.0,2019-02-12T00:00:00
400,64.919998,64.949997,63.889999,64.739998,64.739998,246500.0,2019-02-13T00:00:00
401,64.349998,65.344002,64.239998,65.010002,65.010002,283800.0,2019-02-14T00:00:00
402,65.18,65.300003,64.500999,65.010002,65.010002,287900.0,2019-02-15T00:00:00
403,64.620003,65.005997,64.260002,64.650002,64.650002,257700.0,2019-02-19T00:00:00
404,64.580002,65.349998,64.260002,64.699997,64.699997,384100.0,2019-02-20T00:00:00
405,64.5,64.830002,63.540001,64.239998,64.239998,259200.0,2019-02-21T00:00:00
406,64.440002,65.649002,63.580002,65.089996,65.089996,438800.0,2019-02-22T00:00:00
407,65.419998,65.626999,64.190002,64.720001,64.720001,338700.0,2019-02-25T00:00:00
408,64.540001,65.199997,64.091003,64.529999,64.529999,372600.0,2019-02-26T00:00:00
409,64.440002,65.360001,63.639999,65.050003,65.050003,473200.0,2019-02-27T00:00:00
410,64.790001,65.849998,63.919998,65.629997,65.629997,723100.0,2019-02-28T00:00:00
411,61.0,62.599998,57.25,59.310001,59.310001,2163700.0,2019-03-01T00:00:00
412,59.130001,59.665001,54.029999,57.080002,57.080002,1605200.0,2019-03-04T00:00:00
413,57.07,59.669998,55.939999,59.220001,59.220001,826100.0,2019-03-05T00:00:00
414,59.290001,59.650002,57.330002,57.630001,57.630001,710500.0,2019-03-06T00:00:00
415,57.509998,58.740002,57.169998,57.759998,57.759998,435300.0,2019-03-07T00:00:00
416,57.189999,58.389999,56.610001,58.150002,58.150002,508400.0,2019-03-08T00:00:00
417,58.18,60.189999,58.18,59.98,59.98,587500.0,2019-03-11T00:00:00
418,59.880001,61.0,58.52,60.43,60.43,447800.0,2019-03-12T00:00:00
419,60.59,61.52,60.470001,60.950001,60.950001,452700.0,2019-03-13T00:00:00
420,60.91,61.110001,60.220001,60.32,60.32,220800.0,2019-03-14T00:00:00
421,60.5,61.759998,60.330002,60.990002,60.990002,474400.0,2019-03-15T00:00:00
422,61.0,62.16,60.799999,61.720001,61.720001,372300.0,2019-03-18T00:00:00
423,62.110001,62.110001,61.236,61.52,61.52,207600.0,2019-03-19T00:00:00
424,61.57,62.93,61.310001,62.139999,62.139999,227100.0,2019-03-20T00:00:00
425,61.900002,63.619999,61.5,63.029999,63.029999,312700.0,2019-03-21T00:00:00
426,62.66,63.09,61.0,61.09,61.09,289200.0,2019-03-22T00:00:00
427,60.970001,62.32,60.5,61.68,61.68,366700.0,2019-03-25T00:00:00
428,62.23,63.209,61.740002,62.720001,62.720001,335000.0,2019-03-26T00:00:00
429,62.68,63.259998,60.763,62.290001,62.290001,289600.0,2019-03-27T00:00:00
430,62.59,63.939999,62.459999,63.509998,63.509998,246300.0,2019-03-28T00:00:00
431,63.900002,64.980003,63.5,64.900002,64.900002,350500.0,2019-03-29T00:00:00
432,65.419998,66.434998,64.230003,65.029999,65.029999,370700.0,2019-04-01T00:00:00
433,65.0,65.260002,64.038002,65.150002,65.150002,354000.0,2019-04-02T00:00:00
434,65.68,66.169998,65.139999,65.589996,65.589996,499200.0,2019-04-03T00:00:00
435,65.839996,65.839996,62.209999,63.779999,63.779999,555300.0,2019-04-04T00:00:00
436,64.07,65.059998,63.0,64.75,64.75,529600.0,2019-04-05T00:00:00
437,64.580002,65.330002,63.580002,64.82,64.82,233600.0,2019-04-08T00:00:00
438,64.629997,66.389999,64.580002,65.790001,65.790001,256300.0,2019-04-09T00:00:00
439,66.040001,67.199997,65.809998,67.080002,67.080002,364500.0,2019-04-10T00:00:00
440,67.099998,68.199997,66.610001,67.970001,67.970001,401800.0,2019-04-11T00:00:00
441,68.440002,68.82,67.209,68.330002,68.330002,155900.0,2019-04-12T00:00:00
442,68.910004,69.610001,68.32,68.760002,68.760002,380700.0,2019-04-15T00:00:00
443,69.239998,69.580002,67.120003,67.730003,67.730003,423400.0,2019-04-16T00:00:00
444,68.050003,68.089996,66.665001,67.589996,67.589996,527200.0,2019-04-17T00:00:00
445,67.400002,67.82,65.059998,67.129997,67.129997,236000.0,2019-04-18T00:00:00
446,66.559998,68.839996,66.559998,68.779999,68.779999,182900.0,2019-04-22T00:00:00
447,69.160004,70.612,69.004997,69.860001,69.860001,307800.0,2019-04-23T00:00:00
448,69.889999,71.18,69.769997,70.360001,70.360001,158500.0,2019-04-24T00:00:00
449,70.349998,71.459999,69.550003,70.830002,70.830002,185100.0,2019-04-25T00:00:00
450,70.459999,71.400002,69.5,70.589996,70.589996,264900.0,2019-04-26T00:00:00
451,70.220001,71.0,68.800003,70.639999,70.639999,300200.0,2019-04-29T00:00:00
452,70.629997,71.400002,70.160004,70.879997,70.879997,279300.0,2019-04-30T00:00:00
453,71.07,71.339996,70.080002,70.230003,70.230003,394600.0,2019-05-01T00:00:00
454,70.32,71.370003,69.449997,70.129997,70.129997,258900.0,2019-05-02T00:00:00
455,70.669998,71.400002,70.18,71.0,71.0,294100.0,2019-05-03T00:00:00
456,69.5,71.5,69.007004,71.139999,71.139999,325100.0,2019-05-06T00:00:00
457,70.480003,70.900002,68.75,69.790001,69.790001,353500.0,2019-05-07T00:00:00
458,69.449997,70.830002,68.5,69.57,69.57,326000.0,2019-05-08T00:00:00
459,68.870003,70.519997,67.660004,69.669998,69.669998,679200.0,2019-05-09T00:00:00
460,63.0,65.879997,62.049999,63.945,63.945,1622900.0,2019-05-10T00:00:00
461,61.939999,62.0,58.25,58.919998,58.919998,843500.0,2019-05-13T00:00:00
462,59.400002,59.970001,58.23,58.860001,58.860001,624000.0,2019-05-14T00:00:00
463,58.220001,59.099998,57.599998,58.389999,58.389999,479400.0,2019-05-15T00:00:00
464,58.450001,60.860001,57.814999,60.18,60.18,327200.0,2019-05-16T00:00:00
465,59.459999,61.400002,58.917,60.950001,60.950001,462800.0,2019-05-17T00:00:00
466,59.799999,60.290001,58.869999,59.939999,59.939999,305200.0,2019-05-20T00:00:00
467,60.380001,62.02,60.380001,60.650002,60.650002,333700.0,2019-05-21T00:00:00
468,60.52,61.755001,60.240002,60.779999,60.779999,363500.0,2019-05-22T00:00:00
469,59.889999,60.525002,58.610001,59.009998,59.009998,386400.0,2019-05-23T00:00:00
470,59.450001,60.779999,59.299999,59.459999,59.459999,395700.0,2019-05-24T00:00:00
471,59.52,60.869999,59.52,60.25,60.25,279400.0,2019-05-28T00:00:00
472,59.630001,60.029999,58.220001,58.68,58.68,302600.0,2019-05-29T00:00:00
473,58.950001,59.73,58.740002,59.560001,59.560001,231000.0,2019-05-30T00:00:00
474,58.73,58.900002,57.009998,58.310001,58.310001,309000.0,2019-05-31T00:00:00
475,57.990002,58.549999,54.099998,54.509998,54.509998,529700.0,2019-06-03T00:00:00
476,55.189999,55.612,53.830002,54.709999,54.709999,1141800.0,2019-06-04T00:00:00
477,54.869999,55.34,53.07,53.959999,53.959999,676900.0,2019-06-05T00:00:00
478,54.200001,54.200001,51.389999,53.48,53.48,501500.0,2019-06-06T00:00:00
479,53.27,54.369999,52.599998,54.130001,54.130001,333300.0,2019-06-07T00:00:00
480,54.450001,55.610001,53.75,54.82,54.82,616500.0,2019-06-10T00:00:00
481,55.110001,55.189999,53.07,53.84,53.84,537600.0,2019-06-11T00:00:00
482,53.619999,55.599998,53.009998,54.919998,54.919998,515200.0,2019-06-12T00:00:00
483,54.689999,55.84,54.18,55.150002,55.150002,437100.0,2019-06-13T00:00:00
484,54.810001,54.810001,52.330002,53.259998,53.259998,696500.0,2019-06-14T00:00:00
485,53.580002,54.889999,53.580002,54.07,54.07,288700.0,2019-06-17T00:00:00
486,54.59,55.264999,52.849998,53.139999,53.139999,341000.0,2019-06-18T00:00:00
487,53.400002,54.549999,53.099998,54.419998,54.419998,299500.0,2019-06-19T00:00:00
488,55.110001,55.599998,52.900002,53.669998,53.669998,390200.0,2019-06-20T00:00:00
489,53.299999,53.759998,51.869999,53.650002,53.650002,549600.0,2019-06-21T00:00:00
490,53.610001,54.369999,52.700001,52.720001,52.720001,270200.0,2019-06-24T00:00:00
491,52.709999,52.900002,51.529999,52.5,52.5,527200.0,2019-06-25T00:00:00
492,52.869999,53.68,52.214001,53.169998,53.169998,413600.0,2019-06-26T00:00:00
493,53.389999,54.110001,52.630001,52.919998,52.919998,385500.0,2019-06-27T00:00:00
494,53.009998,54.130001,52.59,53.5,53.5,1094400.0,2019-06-28T00:00:00
495,54.279999,54.75,51.77,52.48,52.48,383800.0,2019-07-01T00:00:00
496,52.610001,52.740002,51.599998,52.139999,52.139999,244500.0,2019-07-02T00:00:00
497,52.389999,52.810001,52.259998,52.73,52.73,103300.0,2019-07-03T00:00:00
498,52.450001,52.509998,51.549999,52.310001,52.310001,246400.0,2019-07-05T00:00:00
499,52.209999,52.384998,50.560001,50.790001,50.790001,391900.0,2019-07-08T00:00:00
500,50.52,51.470001,50.209999,51.040001,51.040001,319700.0,2019-07-09T00:00:00
501,51.060001,51.950001,50.889999,50.98,50.98,298500.0,2019-07-10T00:00:00
502,50.98,51.639999,50.5,51.130001,51.130001,355000.0,2019-07-11T00:00:00
503,51.18,51.439999,50.5,50.740002,50.740002,240000.0,2019-07-12T00:00:00
504,50.779999,51.0,50.080002,50.790001,50.790001,265600.0,2019-07-15T00:00:00
505,50.41,51.610001,50.32,51.259998,51.259998,328700.0,2019-07-16T00:00:00
506,51.27,53.099998,51.140999,51.740002,51.740002,547100.0,2019-07-17T00:00:00
507,51.540001,52.610001,51.32,52.389999,52.389999,548500.0,2019-07-18T00:00:00
508,52.43,53.630001,51.959999,52.200001,52.200001,497400.0,2019-07-19T00:00:00
509,52.360001,52.73,51.0,51.509998,51.509998,356500.0,2019-07-22T00:00:00
510,51.650002,51.650002,49.759998,51.060001,51.060001,385400.0,2019-07-23T00:00:00
511,51.07,51.810001,50.450001,51.630001,51.630001,165800.0,2019-07-24T00:00:00
512,51.419998,51.419998,49.889999,49.939999,49.939999,482500.0,2019-07-25T00:00:00
513,50.189999,51.349998,49.950001,51.09,51.09,356800.0,2019-07-26T00:00:00
514,51.07,51.07,49.59,49.990002,49.990002,330000.0,2019-07-29T00:00:00
515,49.709999,50.610001,49.400002,50.470001,50.470001,504000.0,2019-07-30T00:00:00
516,50.560001,50.830002,49.459999,49.91,49.91,448400.0,2019-07-31T00:00:00
517,49.869999,50.18,48.830002,48.990002,48.990002,435800.0,2019-08-01T00:00:00
518,48.919998,49.48,47.73,47.970001,47.970001,465400.0,2019-08-02T00:00:00
519,46.98,47.52,46.400002,46.849998,46.849998,720200.0,2019-08-05T00:00:00
520,47.209999,47.91,46.639999,46.799999,46.799999,443000.0,2019-08-06T00:00:00
521,46.18,47.939999,45.509998,47.759998,47.759998,360600.0,2019-08-07T00:00:00
522,48.07,51.0,48.014999,50.52,50.52,933100.0,2019-08-08T00:00:00
523,56.0,56.0,48.009998,50.290001,50.290001,1445700.0,2019-08-09T00:00:00
524,49.669998,50.139999,47.91,48.290001,48.290001,573000.0,2019-08-12T00:00:00
525,48.209999,49.0,46.490002,46.75,46.75,654100.0,2019-08-13T00:00:00
526,45.639999,46.52,45.009998,46.290001,46.290001,489400.0,2019-08-14T00:00:00
527,46.57,46.84,45.91,46.419998,46.419998,390600.0,2019-08-15T00:00:00
528,46.509998,47.049999,46.369999,46.810001,46.810001,299400.0,2019-08-16T00:00:00
529,47.369999,47.639999,46.744999,47.450001,47.450001,370400.0,2019-08-19T00:00:00
530,47.189999,47.610001,46.959999,47.389999,47.389999,263100.0,2019-08-20T00:00:00
531,47.950001,48.290001,46.630001,46.799999,46.799999,309200.0,2019-08-21T00:00:00
532,46.75,46.799999,46.165001,46.330002,46.330002,434400.0,2019-08-22T00:00:00
533,46.299999,47.150002,45.34,45.740002,45.740002,572800.0,2019-08-23T00:00:00
534,46.310001,47.490002,45.939999,47.299999,47.299999,410600.0,2019-08-26T00:00:00
535,47.5,47.689999,46.310001,46.77,46.77,325000.0,2019-08-27T00:00:00
536,46.619999,46.799999,45.849998,46.59,46.59,267000.0,2019-08-28T00:00:00
537,47.130001,47.669998,47.07,47.240002,47.240002,240800.0,2019-08-29T00:00:00
538,47.450001,47.700001,47.029999,47.599998,47.599998,236600.0,2019-08-30T00:00:00
539,47.400002,47.5,46.360001,47.25,47.25,386200.0,2019-09-03T00:00:00
540,47.709999,48.369999,47.654999,48.290001,48.290001,267400.0,2019-09-04T00:00:00
541,48.830002,49.389999,48.105,48.709999,48.709999,241600.0,2019-09-05T00:00:00
542,48.549999,49.09,48.200001,48.34,48.34,159300.0,2019-09-06T00:00:00
543,48.369999,48.369999,46.439999,47.16,47.16,338500.0,2019-09-09T00:00:00
544,47.02,47.709999,46.68,47.310001,47.310001,204700.0,2019-09-10T00:00:00
545,47.450001,50.09,47.139999,49.959999,49.959999,395000.0,2019-09-11T00:00:00
546,50.18,50.560001,49.369999,49.709999,49.709999,358900.0,2019-09-12T00:00:00
547,49.66,50.009998,47.869999,49.810001,49.810001,518000.0,2019-09-13T00:00:00
548,49.849998,50.450001,49.222,49.919998,49.919998,251100.0,2019-09-16T00:00:00
549,49.82,50.029999,49.029999,49.259998,49.259998,216700.0,2019-09-17T00:00:00
550,49.389999,49.639999,48.18,48.75,48.75,185700.0,2019-09-18T00:00:00
551,48.759998,49.880001,48.220001,48.380001,48.380001,270800.0,2019-09-19T00:00:00
552,48.439999,49.540001,48.130001,48.889999,48.889999,420900.0,2019-09-20T00:00:00
553,49.110001,49.150002,48.080002,48.77,48.77,158700.0,2019-09-23T00:00:00
554,48.900002,49.220001,47.278999,47.41,47.41,255500.0,2019-09-24T00:00:00
555,47.279999,48.27,46.02,47.880001,47.880001,249200.0,2019-09-25T00:00:00
556,47.779999,47.889999,46.790001,47.110001,47.110001,165400.0,2019-09-26T00:00:00
557,47.369999,47.5,45.849998,46.490002,46.490002,200700.0,2019-09-27T00:00:00
558,46.509998,46.93,46.110001,46.639999,46.639999,247200.0,2019-09-30T00:00:00
559,46.919998,47.009998,46.200001,46.650002,46.650002,249300.0,2019-10-01T00:00:00
560,46.299999,46.814999,45.915001,46.619999,46.619999,293800.0,2019-10-02T00:00:00
561,46.59,47.07,45.790001,46.779999,46.779999,248800.0,2019-10-03T00:00:00
562,46.970001,47.52,46.701,47.290001,47.290001,175200.0,2019-10-04T00:00:00
563,47.25,47.689999,47.139999,47.32,47.32,173000.0,2019-10-07T00:00:00
564,46.84,47.049999,45.59,45.630001,45.630001,419700.0,2019-10-08T00:00:00
565,46.029999,46.32,45.639999,45.75,45.75,110700.0,2019-10-09T00:00:00
566,45.759998,46.580002,45.52,45.720001,45.720001,419600.0,2019-10-10T00:00:00
567,46.110001,47.224998,45.720001,46.880001,46.880001,349800.0,2019-10-11T00:00:00
568,46.689999,46.740002,46.049999,46.490002,46.490002,150400.0,2019-10-14T00:00:00
569,46.610001,47.799999,46.290001,47.110001,47.110001,357200.0,2019-10-15T00:00:00
570,46.900002,47.740002,46.389999,47.130001,47.130001,254800.0,2019-10-16T00:00:00
571,47.279999,48.139999,47.209999,47.720001,47.720001,215200.0,2019-10-17T00:00:00
572,47.630001,47.674999,46.689999,47.209999,47.209999,310800.0,2019-10-18T00:00:00
573,49.009998,49.75,47.875,48.950001,48.950001,411000.0,2019-10-21T00:00:00
574,48.959999,49.009998,46.119999,47.389999,47.389999,438400.0,2019-10-22T00:00:00
575,47.549999,49.029999,47.549999,48.209999,48.209999,322700.0,2019-10-23T00:00:00
576,48.529999,48.779999,47.27,48.080002,48.080002,165700.0,2019-10-24T00:00:00
577,48.060001,49.27,47.790001,48.790001,48.790001,137500.0,2019-10-25T00:00:00
578,48.990002,49.580002,48.720001,49.110001,49.110001,126600.0,2019-10-28T00:00:00
579,49.02,49.450001,48.59,49.310001,49.310001,199900.0,2019-10-29T00:00:00
580,49.52,50.084999,48.990002,49.959999,49.959999,174800.0,2019-10-30T00:00:00
581,49.919998,49.919998,49.09,49.400002,49.400002,243300.0,2019-10-31T00:00:00
582,49.700001,50.529999,49.200001,50.470001,50.470001,260100.0,2019-11-01T00:00:00
583,50.52,51.174999,50.290001,51.080002,51.080002,345300.0,2019-11-04T00:00:00
584,51.16,52.330002,50.490002,51.529999,51.529999,628300.0,2019-11-05T00:00:00
585,51.650002,51.990002,45.32,46.27,46.27,1882600.0,2019-11-06T00:00:00
586,46.77,48.165001,46.299999,47.380001,47.380001,514300.0,2019-11-07T00:00:00
587,47.049999,47.325001,45.169998,45.369999,45.369999,419900.0,2019-11-08T00:00:00
588,45.029999,46.080002,44.810001,45.720001,45.720001,226600.0,2019-11-11T00:00:00
589,45.68,45.990002,45.169998,45.849998,45.849998,199300.0,2019-11-12T00:00:00
590,45.700001,45.869999,44.439999,44.779999,44.779999,289900.0,2019-11-13T00:00:00
591,44.619999,45.119999,44.240002,44.59,44.59,223200.0,2019-11-14T00:00:00
592,44.900002,44.900002,43.860001,44.150002,44.150002,354800.0,2019-11-15T00:00:00
593,43.93,43.990002,42.830002,43.0,43.0,304000.0,2019-11-18T00:00:00
594,43.240002,43.365002,42.07,42.220001,42.220001,724000.0,2019-11-19T00:00:00
595,42.049999,42.799999,41.611,42.450001,42.450001,603800.0,2019-11-20T00:00:00
596,42.549999,42.549999,41.544998,41.880001,41.880001,539100.0,2019-11-21T00:00:00
597,42.200001,42.490002,41.599998,42.139999,42.139999,263400.0,2019-11-22T00:00:00
598,42.150002,43.220001,42.130001,43.07,43.07,319000.0,2019-11-25T00:00:00
599,42.880001,43.439999,42.84,43.16,43.16,230800.0,2019-11-26T00:00:00
600,43.419998,43.740002,43.139999,43.369999,43.369999,218100.0,2019-11-27T00:00:00
601,43.299999,43.709999,43.02,43.619999,43.619999,103400.0,2019-11-29T00:00:00
602,43.610001,43.740002,41.82,41.970001,41.970001,560800.0,2019-12-02T00:00:00
603,41.48,42.529999,41.290001,42.259998,42.259998,365300.0,2019-12-03T00:00:00
604,42.48,42.810001,42.029999,42.509998,42.509998,502000.0,2019-12-04T00:00:00
605,42.709999,43.040001,42.259998,42.580002,42.580002,344900.0,2019-12-05T00:00:00
606,42.66,43.630001,42.150002,43.240002,43.240002,286600.0,2019-12-06T00:00:00
607,43.169998,43.625,42.900002,42.93,42.93,269400.0,2019-12-09T00:00:00
608,42.860001,43.0,41.66,41.860001,41.860001,453700.0,2019-12-10T00:00:00
609,41.959999,42.165001,41.299999,41.459999,41.459999,275700.0,2019-12-11T00:00:00
610,41.349998,42.32,41.060001,41.950001,41.950001,257100.0,2019-12-12T00:00:00
611,41.939999,42.689999,41.603001,42.41,42.41,393600.0,2019-12-13T00:00:00
612,42.669998,43.029999,41.950001,41.959999,41.959999,241400.0,2019-12-16T00:00:00
613,41.849998,42.02,41.509998,41.950001,41.950001,343500.0,2019-12-17T00:00:00
614,41.98,42.18,41.66,41.880001,41.880001,245900.0,2019-12-18T00:00:00
615,41.75,42.27,41.450001,42.040001,42.040001,497000.0,2019-12-19T00:00:00
616,42.139999,42.720001,41.700001,42.490002,42.490002,1083400.0,2019-12-20T00:00:00
617,42.580002,43.555,42.328999,42.970001,42.970001,315000.0,2019-12-23T00:00:00
618,43.029999,43.040001,42.25,42.509998,42.509998,108400.0,2019-12-24T00:00:00
619,42.52,42.77,42.43,42.639999,42.639999,198600.0,2019-12-26T00:00:00
620,42.889999,42.889999,42.25,42.75,42.75,227400.0,2019-12-27T00:00:00
621,42.75,43.0,42.200001,42.630001,42.630001,215200.0,2019-12-30T00:00:00
622,42.380001,43.110001,42.330002,42.970001,42.970001,249000.0,2019-12-31T00:00:00
623,43.380001,43.450001,42.891998,42.990002,42.990002,201600.0,2020-01-02T00:00:00
624,42.41,43.0,42.395,42.880001,42.880001,345100.0,2020-01-03T00:00:00
625,42.66,43.16,42.299999,43.049999,43.049999,233800.0,2020-01-06T00:00:00
626,42.900002,43.200001,42.580002,43.110001,43.110001,152900.0,2020-01-07T00:00:00
627,43.099998,43.299999,42.599998,42.990002,42.990002,321600.0,2020-01-08T00:00:00
628,43.240002,43.310001,42.650002,42.68,42.68,196400.0,2020-01-09T00:00:00
629,42.869999,42.869999,42.110001,42.27,42.27,331100.0,2020-01-10T00:00:00
630,42.299999,42.66,41.799999,41.900002,41.900002,303700.0,2020-01-13T00:00:00
631,41.73,43.48,41.529999,43.0,43.0,692400.0,2020-01-14T00:00:00
632,43.25,45.25,43.25,43.82,43.82,548600.0,2020-01-15T00:00:00
633,43.68,45.279999,43.68,45.240002,45.240002,311200.0,2020-01-16T00:00:00
634,45.540001,46.259998,45.169998,46.029999,46.029999,499300.0,2020-01-17T00:00:00
635,45.919998,46.419998,45.810001,46.259998,46.259998,427100.0,2020-01-21T00:00:00
636,46.389999,47.150002,45.919998,46.279999,46.279999,477300.0,2020-01-22T00:00:00
637,45.939999,46.055,45.080002,45.66,45.66,537000.0,2020-01-23T00:00:00
638,46.279999,46.494999,45.48,45.759998,45.759998,342500.0,2020-01-24T00:00:00
639,46.0,46.375,45.060001,45.23,45.23,359400.0,2020-01-27T00:00:00
640,45.5,46.07,45.34,45.889999,45.889999,275400.0,2020-01-28T00:00:00
641,46.16,46.48,45.599998,45.869999,45.869999,257200.0,2020-01-29T00:00:00
642,45.689999,46.299999,45.52,46.279999,46.279999,195200.0,2020-01-30T00:00:00
643,46.049999,46.049999,43.849998,43.93,43.93,252900.0,2020-01-31T00:00:00
644,44.0,44.34,43.290001,43.68,43.68,394500.0,2020-02-03T00:00:00
645,44.119999,44.759998,43.355,44.700001,44.700001,481600.0,2020-02-04T00:00:00
646,45.240002,45.5,44.43,45.240002,45.240002,283300.0,2020-02-05T00:00:00
647,45.459999,45.818001,44.470001,44.5,44.5,587300.0,2020-02-06T00:00:00
648,44.389999,45.48,43.830002,45.439999,45.439999,729800.0,2020-02-07T00:00:00
649,45.32,47.330002,45.32,47.130001,47.130001,464200.0,2020-02-10T00:00:00
650,47.439999,47.48,46.455002,46.720001,46.720001,207800.0,2020-02-11T00:00:00
651,46.82,47.389999,46.546001,47.055,47.055,243800.0,2020-02-12T00:00:00
652,46.830002,47.73,46.810001,47.5,47.5,198800.0,2020-02-13T00:00:00
653,47.560001,47.775002,47.290001,47.66,47.66,179400.0,2020-02-14T00:00:00
654,47.369999,48.209999,47.099998,47.279999,47.279999,176800.0,2020-02-18T00:00:00
655,47.43,47.82,47.220001,47.43,47.43,312200.0,2020-02-19T00:00:00
656,47.450001,48.110001,46.93,47.529999,47.529999,181500.0,2020-02-20T00:00:00
657,47.450001,47.490002,46.619999,47.23,47.23,231400.0,2020-02-21T00:00:00
658,45.419998,46.619999,45.139999,46.220001,46.220001,357300.0,2020-02-24T00:00:00
659,46.540001,46.540001,44.07,44.759998,44.759998,615100.0,2020-02-25T00:00:00
660,47.82,48.689999,46.009998,48.029999,48.029999,1487300.0,2020-02-26T00:00:00
661,47.099998,47.98,45.279999,46.209999,46.209999,950400.0,2020-02-27T00:00:00
662,45.040001,48.310001,44.950001,48.25,48.25,559200.0,2020-02-28T00:00:00
663,48.799999,50.23,47.25,50.110001,50.110001,892400.0,2020-03-02T00:00:00
664,49.82,50.75,46.970001,48.009998,48.009998,600600.0,2020-03-03T00:00:00
665,47.369999,48.16,44.116001,46.400002,46.400002,1788100.0,2020-03-04T00:00:00
666,45.84,46.779999,44.98,46.060001,46.060001,584400.0,2020-03-05T00:00:00
667,44.740002,45.560001,44.669998,44.889999,44.889999,714300.0,2020-03-06T00:00:00
668,42.599998,43.299999,38.810001,38.939999,38.939999,666100.0,2020-03-09T00:00:00
669,40.209999,40.209999,37.75,39.310001,39.310001,713600.0,2020-03-10T00:00:00
670,39.0,39.32,37.209999,38.619999,38.619999,772400.0,2020-03-11T00:00:00
671,36.490002,36.73,34.939999,35.82,35.82,779400.0,2020-03-12T00:00:00
672,37.0,37.231998,34.152,36.490002,36.490002,1016400.0,2020-03-13T00:00:00
673,33.560001,35.880001,33.091,34.290001,34.290001,795300.0,2020-03-16T00:00:00
674,34.549999,35.290001,32.080002,34.650002,34.650002,884200.0,2020-03-17T00:00:00
675,32.869999,36.75,32.0,34.799999,34.799999,745900.0,2020-03-18T00:00:00
676,34.470001,41.259998,33.939999,40.27,40.27,2165200.0,2020-03-19T00:00:00
677,40.240002,42.630001,38.580002,38.73,38.73,1328200.0,2020-03-20T00:00:00
678,39.310001,41.134998,36.75,38.150002,38.150002,805700.0,2020-03-23T00:00:00
679,39.529999,43.0,38.924999,42.75,42.75,592500.0,2020-03-24T00:00:00
680,42.66,43.220001,39.560001,39.830002,39.830002,790700.0,2020-03-25T00:00:00
681,39.84,42.790001,39.84,42.439999,42.439999,710400.0,2020-03-26T00:00:00
682,41.380001,42.009998,38.139999,39.830002,39.830002,423500.0,2020-03-27T00:00:00
683,40.189999,40.540001,38.009998,39.139999,39.139999,395600.0,2020-03-30T00:00:00
684,38.93,40.09,37.509998,38.91,38.91,391200.0,2020-03-31T00:00:00
685,37.98,39.43,36.759998,37.939999,37.939999,366100.0,2020-04-01T00:00:00
686,37.43,38.040001,36.07,36.799999,36.799999,361000.0,2020-04-02T00:00:00
687,36.66,38.419998,35.5,37.84,37.84,433300.0,2020-04-03T00:00:00
688,39.09,41.720001,38.009998,41.290001,41.290001,309800.0,2020-04-06T00:00:00
689,41.990002,42.790001,40.669998,40.869999,40.869999,366800.0,2020-04-07T00:00:00
690,40.919998,42.48,40.48,41.93,41.93,289000.0,2020-04-08T00:00:00
691,42.650002,43.099998,41.744999,42.720001,42.720001,298800.0,2020-04-09T00:00:00
692,42.529999,42.720001,40.529999,42.360001,42.360001,474700.0,2020-04-13T00:00:00
693,42.77,43.969002,42.220001,43.029999,43.029999,468800.0,2020-04-14T00:00:00
694,41.799999,43.419998,41.450001,42.66,42.66,354700.0,2020-04-15T00:00:00
695,42.849998,43.560001,41.75,42.700001,42.700001,472900.0,2020-04-16T00:00:00
696,43.5,44.970001,43.451,44.77,44.77,356600.0,2020-04-17T00:00:00
697,44.360001,45.259998,43.900002,44.169998,44.169998,363600.0,2020-04-20T00:00:00
698,43.27,44.314999,42.59,43.200001,43.200001,269800.0,2020-04-21T00:00:00
699,44.080002,44.380001,43.0,43.889999,43.889999,303000.0,2020-04-22T00:00:00
700,44.09,45.834999,43.950001,44.990002,44.990002,302400.0,2020-04-23T00:00:00
701,45.439999,46.049999,44.424999,45.740002,45.740002,290200.0,2020-04-24T00:00:00
702,46.209999,46.57,45.279999,45.389999,45.389999,448800.0,2020-04-27T00:00:00
703,45.939999,45.939999,43.73,44.060001,44.060001,326700.0,2020-04-28T00:00:00
704,44.830002,45.869999,44.330002,45.150002,45.150002,392400.0,2020-04-29T00:00:00
705,44.799999,45.09,43.618999,44.73,44.73,293700.0,2020-04-30T00:00:00
706,43.869999,43.869999,41.669998,41.830002,41.830002,340500.0,2020-05-01T00:00:00
707,41.759998,42.209999,40.919998,41.650002,41.650002,569700.0,2020-05-04T00:00:00
708,42.299999,43.639999,42.299999,43.18,43.18,424300.0,2020-05-05T00:00:00
709,43.299999,44.630001,42.310001,44.610001,44.610001,554800.0,2020-05-06T00:00:00
710,45.799999,47.84,45.119999,47.630001,47.630001,727800.0,2020-05-07T00:00:00
711,48.0,50.419998,47.740002,50.049999,50.049999,620600.0,2020-05-08T00:00:00
712,49.689999,52.02,49.060001,51.330002,51.330002,469200.0,2020-05-11T00:00:00
713,51.68,51.889999,49.560001,49.66,49.66,519400.0,2020-05-12T00:00:00
714,49.57,50.66,47.875999,49.07,49.07,369400.0,2020-05-13T00:00:00
715,48.110001,49.235001,47.560001,49.080002,49.080002,351600.0,2020-05-14T00:00:00
716,48.889999,51.310001,48.380001,50.330002,50.330002,736900.0,2020-05-15T00:00:00
717,51.049999,51.619999,49.450001,49.630001,49.630001,492400.0,2020-05-18T00:00:00
718,49.700001,50.535,49.68,49.860001,49.860001,282300.0,2020-05-19T00:00:00
719,46.389999,47.869999,45.0,47.540001,47.540001,3943200.0,2020-05-20T00:00:00
720,47.470001,47.470001,44.959999,45.189999,45.189999,1002800.0,2020-05-21T00:00:00
721,45.380001,46.560001,45.18,46.360001,46.360001,426800.0,2020-05-22T00:00:00
722,47.549999,49.200001,47.244999,48.889999,48.889999,2738400.0,2020-05-26T00:00:00
723,48.98,50.865002,47.779999,50.68,50.68,1210300.0,2020-05-27T00:00:00
724,51.049999,52.290001,46.720001,46.950001,46.950001,661300.0,2020-05-28T00:00:00
725,47.209999,47.52,45.779999,47.290001,47.290001,636300.0,2020-05-29T00:00:00
726,47.799999,50.970001,47.669998,50.68,50.68,585900.0,2020-06-01T00:00:00
727,50.720001,51.970001,50.242001,51.09,51.09,444400.0,2020-06-02T00:00:00
728,51.970001,56.0,51.57,55.919998,55.919998,1057700.0,2020-06-03T00:00:00
729,56.009998,56.66,54.919998,55.91,55.91,953000.0,2020-06-04T00:00:00
730,56.790001,59.049999,56.290001,58.830002,58.830002,1058600.0,2020-06-05T00:00:00
731,60.0,61.27,59.556999,60.419998,60.419998,846000.0,2020-06-08T00:00:00
732,60.0,60.577,58.040001,59.349998,59.349998,669400.0,2020-06-09T00:00:00
733,59.52,61.185001,59.48,60.32,60.32,432500.0,2020-06-10T00:00:00
734,58.82,59.73,57.080002,57.220001,57.220001,632800.0,2020-06-11T00:00:00
735,59.09,59.77,56.169998,58.009998,58.009998,521000.0,2020-06-12T00:00:00
736,57.130001,59.950001,57.009998,59.889999,59.889999,412700.0,2020-06-15T00:00:00
737,61.369999,61.73,60.259998,61.040001,61.040001,483100.0,2020-06-16T00:00:00
738,61.59,62.560001,61.226002,61.98,61.98,346200.0,2020-06-17T00:00:00
739,61.720001,62.970001,61.709999,62.82,62.82,2923800.0,2020-06-18T00:00:00
740,63.57,64.0,62.040001,62.700001,62.700001,821600.0,2020-06-19T00:00:00
741,63.389999,63.5,62.439999,63.040001,63.040001,487500.0,2020-06-22T00:00:00
742,63.880001,64.57,63.259998,63.689999,63.689999,369100.0,2020-06-23T00:00:00
743,63.209999,63.98,62.259998,63.439999,63.439999,521900.0,2020-06-24T00:00:00
744,63.650002,65.019997,63.220001,64.910004,64.910004,669300.0,2020-06-25T00:00:00
745,65.0,65.0,63.380001,63.540001,63.540001,1066400.0,2020-06-26T00:00:00
746,63.889999,64.269997,62.720001,63.759998,63.759998,557300.0,2020-06-29T00:00:00
747,63.630001,65.040001,63.450001,64.809998,64.809998,443100.0,2020-06-30T00:00:00
748,65.0,67.389999,64.5,66.68,66.68,510700.0,2020-07-01T00:00:00
749,67.459999,68.620003,66.581001,67.739998,67.739998,341200.0,2020-07-02T00:00:00
750,68.860001,69.480003,67.830002,68.129997,68.129997,324100.0,2020-07-06T00:00:00
751,67.760002,69.150002,67.410004,67.599998,67.599998,305200.0,2020-07-07T00:00:00
752,68.07,69.440002,67.860001,69.349998,69.349998,281400.0,2020-07-08T00:00:00
753,69.989998,70.980003,68.559998,70.43,70.43,402300.0,2020-07-09T00:00:00
754,70.330002,71.239998,69.5,70.760002,70.760002,298600.0,2020-07-10T00:00:00
755,71.720001,71.980003,67.635002,67.68,67.68,354400.0,2020-07-13T00:00:00
756,67.889999,68.938004,66.309998,68.669998,68.669998,484900.0,2020-07-14T00:00:00
757,69.839996,70.339996,68.540001,69.389999,69.389999,339500.0,2020-07-15T00:00:00
758,69.110001,69.309998,68.169998,69.209999,69.209999,261400.0,2020-07-16T00:00:00
759,69.32,71.07,68.955002,70.889999,70.889999,354200.0,2020-07-17T00:00:00
760,71.239998,72.970001,71.080002,72.830002,72.830002,283600.0,2020-07-20T00:00:00
761,73.419998,73.900002,72.529999,73.489998,73.489998,285700.0,2020-07-21T00:00:00
762,73.389999,74.07,72.410004,72.839996,72.839996,290200.0,2020-07-22T00:00:00
763,73.010002,74.660004,71.209999,71.610001,71.610001,403200.0,2020-07-23T00:00:00
764,71.0,71.0,67.209999,67.800003,67.800003,602800.0,2020-07-24T00:00:00
765,68.339996,68.510002,66.050003,68.309998,68.309998,552300.0,2020-07-27T00:00:00
766,68.300003,68.32,66.089996,66.610001,66.610001,448300.0,2020-07-28T00:00:00
767,67.559998,69.580002,66.720001,68.970001,68.970001,249400.0,2020-07-29T00:00:00
768,68.32,70.0,67.510002,69.139999,69.139999,144400.0,2020-07-30T00:00:00
769,69.669998,70.050003,67.889999,70.040001,70.040001,351300.0,2020-07-31T00:00:00
770,64.199997,64.330002,56.240002,58.279999,58.279999,4005200.0,2020-08-03T00:00:00
771,58.598,61.77,58.310001,60.32,60.32,1350800.0,2020-08-04T00:00:00
772,60.75,62.639999,59.799999,62.169998,62.169998,820000.0,2020-08-05T00:00:00
773,63.279999,64.0,58.709999,60.189999,60.189999,900000.0,2020-08-06T00:00:00
774,60.630001,60.869999,59.450001,60.25,60.25,583400.0,2020-08-07T00:00:00
775,59.862999,60.310001,57.830002,58.68,58.68,360000.0,2020-08-10T00:00:00
776,58.52,59.07,57.459999,57.93,57.93,392900.0,2020-08-11T00:00:00
777,58.18,58.59,57.200001,57.459999,57.459999,488600.0,2020-08-12T00:00:00
778,57.540001,58.063999,56.16,57.25,57.25,399100.0,2020-08-13T00:00:00
779,57.43,57.43,56.540001,56.830002,56.830002,383500.0,2020-08-14T00:00:00
780,56.98,57.240002,56.400002,57.130001,57.130001,260700.0,2020-08-17T00:00:00
781,57.650002,57.75,56.470001,57.34,57.34,247800.0,2020-08-18T00:00:00
782,57.470001,58.540001,56.650002,58.02,58.02,439400.0,2020-08-19T00:00:00
783,57.740002,59.150002,57.740002,58.77,58.77,414000.0,2020-08-20T00:00:00
784,58.34,59.040001,58.139999,58.759998,58.759998,451900.0,2020-08-21T00:00:00
785,59.369999,59.790001,57.91,58.849998,58.849998,696300.0,2020-08-24T00:00:00
786,58.82,59.720001,58.259998,59.630001,59.630001,424000.0,2020-08-25T00:00:00
787,59.82,61.48,59.82,60.959999,60.959999,396700.0,2020-08-26T00:00:00
788,60.970001,61.009998,59.372002,60.09,60.09,417700.0,2020-08-27T00:00:00
789,60.709999,61.299999,60.290001,60.400002,60.400002,306300.0,2020-08-28T00:00:00
790,60.880001,60.880001,59.700001,59.869999,59.869999,422400.0,2020-08-31T00:00:00
791,59.740002,62.59,59.138,62.540001,62.540001,392800.0,2020-09-01T00:00:00
792,62.709999,63.549999,61.584999,63.25,63.25,407500.0,2020-09-02T00:00:00
793,62.310001,62.93,59.310001,60.009998,60.009998,455800.0,2020-09-03T00:00:00
794,60.009998,60.560001,57.099998,58.689999,58.689999,333400.0,2020-09-04T00:00:00
795,57.299999,57.619999,55.400002,55.5,55.5,607200.0,2020-09-08T00:00:00
796,55.810001,57.48,55.740002,56.389999,56.389999,807600.0,2020-09-09T00:00:00
797,56.93,58.57,56.380001,57.220001,57.220001,351100.0,2020-09-10T00:00:00
798,57.830002,57.830002,55.549999,55.935001,55.935001,213600.0,2020-09-11T00:00:00
799,56.700001,57.639999,56.487999,57.259998,57.259998,194600.0,2020-09-14T00:00:00
800,57.439999,58.074001,56.59,57.459999,57.459999,235800.0,2020-09-15T00:00:00
801,57.369999,57.860001,56.34,56.540001,56.540001,294700.0,2020-09-16T00:00:00
802,55.450001,55.654999,52.349998,53.93,53.93,912200.0,2020-09-17T00:00:00
803,53.939999,54.509998,52.799999,54.080002,54.080002,780700.0,2020-09-18T00:00:00
804,52.610001,54.5,52.57,54.5,54.5,357200.0,2020-09-21T00:00:00
805,54.880001,55.689999,53.75,55.580002,55.580002,201800.0,2020-09-22T00:00:00
806,55.630001,56.529999,54.689999,54.755001,54.755001,381100.0,2020-09-23T00:00:00
807,54.419998,54.59,53.110001,53.744999,53.744999,340800.0,2020-09-24T00:00:00
808,53.66,55.485001,53.549999,55.040001,55.040001,189900.0,2020-09-25T00:00:00
809,55.529999,56.919998,55.529999,56.200001,56.200001,308600.0,2020-09-28T00:00:00
810,56.630001,57.290001,55.650002,55.889999,55.889999,260700.0,2020-09-29T00:00:00
811,57.790001,58.189999,54.785,55.25,55.25,604900.0,2020-09-30T00:00:00
812,55.799999,57.919998,55.799999,57.490002,57.490002,266900.0,2020-10-01T00:00:00
813,55.700001,57.599998,55.599998,57.130001,57.130001,203300.0,2020-10-02T00:00:00
814,57.709999,58.689999,57.676998,58.5,58.5,173300.0,2020-10-05T00:00:00
815,58.779999,60.049999,58.639999,58.970001,58.970001,264200.0,2020-10-06T00:00:00
816,59.450001,60.055,58.785,59.400002,59.400002,294400.0,2020-10-07T00:00:00
817,60.34,60.540001,59.419998,59.68,59.68,181700.0,2020-10-08T00:00:00
818,60.25,61.139999,60.240002,60.540001,60.540001,179500.0,2020-10-09T00:00:00
819,61.220001,61.654999,60.57,61.34,61.34,155000.0,2020-10-12T00:00:00
820,61.189999,61.855,60.950001,61.560001,61.560001,192500.0,2020-10-13T00:00:00
821,62.0,62.169998,59.860001,60.18,60.18,152900.0,2020-10-14T00:00:00
822,59.459999,60.922001,58.799999,60.849998,60.849998,151200.0,2020-10-15T00:00:00
823,60.950001,61.57,60.57,60.619999,60.619999,106500.0,2020-10-16T00:00:00
824,61.27,61.389999,59.27,59.400002,59.400002,135600.0,2020-10-19T00:00:00
825,59.84,60.959,59.369999,60.369999,60.369999,201200.0,2020-10-20T00:00:00
826,60.84,61.150002,59.799999,60.0,60.0,220800.0,2020-10-21T00:00:00
827,60.450001,60.810001,59.32,60.740002,60.740002,323000.0,2020-10-22T00:00:00
828,60.810001,60.810001,58.93,60.299999,60.299999,323700.0,2020-10-23T00:00:00
829,59.93,61.615002,59.5,59.779999,59.779999,281500.0,2020-10-26T00:00:00
830,60.220001,60.799999,59.610001,60.040001,60.040001,246500.0,2020-10-27T00:00:00
831,59.09,59.299999,57.380001,57.799999,57.799999,489100.0,2020-10-28T00:00:00
832,57.990002,59.130001,57.305,59.0,59.0,436300.0,2020-10-29T00:00:00
833,58.32,59.119999,57.630001,58.330002,58.330002,464700.0,2020-10-30T00:00:00
834,59.509998,60.919998,58.855,60.91,60.91,297900.0,2020-11-02T00:00:00
835,61.43,63.09,61.25,62.799999,62.799999,297300.0,2020-11-03T00:00:00
836,63.580002,65.644997,63.240002,64.800003,64.800003,410800.0,2020-11-04T00:00:00
837,65.220001,65.559998,63.400002,65.120003,65.120003,408100.0,2020-11-05T00:00:00
838,68.019997,74.150002,68.019997,73.150002,73.150002,789200.0,2020-11-06T00:00:00
839,74.540001,79.379997,73.519997,73.970001,73.970001,900500.0,2020-11-09T00:00:00
840,73.970001,75.0,69.150002,70.379997,70.379997,554500.0,2020-11-10T00:00:00
841,71.18,72.745003,70.239998,71.5,71.5,451300.0,2020-11-11T00:00:00
842,71.599998,71.699997,69.550003,70.550003,70.550003,262600.0,2020-11-12T00:00:00
843,71.0,71.110001,69.695,70.019997,70.019997,329100.0,2020-11-13T00:00:00
844,70.559998,71.730003,69.379997,70.239998,70.239998,521800.0,2020-11-16T00:00:00
845,70.339996,70.839996,68.940002,70.089996,70.089996,392900.0,2020-11-17T00:00:00
846,69.879997,71.5,68.809998,69.93,69.93,592300.0,2020-11-18T00:00:00
847,71.480003,72.364998,70.169998,70.510002,70.510002,416700.0,2020-11-19T00:00:00
848,70.029999,70.794998,69.110001,69.459999,69.459999,424100.0,2020-11-20T00:00:00
849,69.580002,70.339996,67.389999,68.230003,68.230003,362700.0,2020-11-23T00:00:00
850,68.559998,71.379997,67.580002,71.230003,71.230003,467500.0,2020-11-24T00:00:00
851,71.5,73.080002,70.724998,73.040001,73.040001,413900.0,2020-11-25T00:00:00
852,73.339996,74.419998,72.589996,74.419998,74.419998,157300.0,2020-11-27T00:00:00
853,74.5,76.0,74.029999,75.910004,75.910004,596900.0,2020-11-30T00:00:00
854,76.279999,76.559998,73.07,73.199997,73.199997,357400.0,2020-12-01T00:00:00
855,72.610001,74.360001,71.349998,74.269997,74.269997,296400.0,2020-12-02T00:00:00
856,74.68,77.870003,74.669998,76.910004,76.910004,328000.0,2020-12-03T00:00:00
857,77.669998,79.900002,76.5,79.800003,79.800003,381100.0,2020-12-04T00:00:00
858,80.0,80.989998,78.190002,79.519997,79.519997,368100.0,2020-12-07T00:00:00
859,79.940002,80.339996,78.339996,79.940002,79.940002,309500.0,2020-12-08T00:00:00
860,80.086998,80.75,76.0,76.32,76.32,334000.0,2020-12-09T00:00:00
861,77.669998,79.419998,75.052002,78.879997,78.879997,221000.0,2020-12-10T00:00:00
862,78.050003,78.839996,76.309998,77.849998,77.849998,237300.0,2020-12-11T00:00:00
863,78.610001,79.330002,78.040001,78.230003,78.230003,232000.0,2020-12-14T00:00:00
864,79.169998,83.339996,79.0,83.309998,83.309998,459400.0,2020-12-15T00:00:00
865,83.669998,87.220001,83.669998,86.919998,86.919998,738000.0,2020-12-16T00:00:00
866,86.919998,90.559998,86.919998,90.449997,90.449997,482600.0,2020-12-17T00:00:00
867,90.469002,93.910004,90.419998,93.540001,93.540001,869300.0,2020-12-18T00:00:00
868,93.760002,96.389999,93.220001,95.760002,95.760002,535900.0,2020-12-21T00:00:00
869,96.089996,100.504997,96.064003,100.300003,100.300003,438000.0,2020-12-22T00:00:00
870,101.470001,102.940002,100.5,100.93,100.93,661700.0,2020-12-23T00:00:00
871,102.040001,102.099998,97.75,98.879997,98.879997,193400.0,2020-12-24T00:00:00
872,101.25,103.522003,99.279999,103.230003,103.230003,439300.0,2020-12-28T00:00:00
873,103.300003,103.307999,99.489998,100.230003,100.230003,1030900.0,2020-12-29T00:00:00
874,100.559998,103.949997,99.138,103.790001,103.790001,357400.0,2020-12-30T00:00:00
875,104.010002,104.75,102.639999,103.449997,103.449997,326400.0,2020-12-31T00:00:00
876,104.099998,105.190002,97.5,100.449997,100.449997,479100.0,2021-01-04T00:00:00
877,100.089996,104.349998,100.036003,102.220001,102.220001,376400.0,2021-01-05T00:00:00
878,100.440002,101.629997,99.010002,100.07,100.07,468300.0,2021-01-06T00:00:00
879,100.849998,105.68,100.849998,105.5,105.5,302500.0,2021-01-07T00:00:00
880,106.5,107.18,104.010002,105.080002,105.080002,351800.0,2021-01-08T00:00:00
881,104.0,106.184998,102.699997,104.849998,104.849998,493000.0,2021-01-11T00:00:00
882,104.68,106.970001,104.300003,106.0,106.0,606200.0,2021-01-12T00:00:00
883,106.459999,108.669998,104.639999,107.690002,107.690002,262800.0,2021-01-13T00:00:00
884,102.0,104.629997,99.309998,99.790001,99.790001,1188400.0,2021-01-14T00:00:00
885,99.510002,100.349998,96.400002,97.610001,97.610001,941400.0,2021-01-15T00:00:00
886,97.110001,98.695,95.459999,97.940002,97.940002,487400.0,2021-01-19T00:00:00
887,99.580002,99.800003,96.769997,96.800003,96.800003,539000.0,2021-01-20T00:00:00
888,98.449997,98.449997,95.370003,95.589996,95.589996,504500.0,2021-01-21T00:00:00
889,95.589996,97.489998,94.779999,97.0,97.0,418900.0,2021-01-22T00:00:00
890,97.589996,99.910004,96.550003,97.860001,97.860001,447500.0,2021-01-25T00:00:00
891,99.290001,99.290001,95.735001,96.580002,96.580002,615700.0,2021-01-26T00:00:00
892,94.650002,98.544998,92.489998,97.82,97.82,584300.0,2021-01-27T00:00:00
893,98.010002,99.300003,95.219002,95.669998,95.669998,331400.0,2021-01-28T00:00:00
894,95.809998,96.565002,91.709999,92.919998,92.919998,407100.0,2021-01-29T00:00:00
895,93.870003,96.029999,92.5,95.559998,95.559998,306000.0,2021-02-01T00:00:00
896,96.900002,97.190002,95.629997,96.5,96.5,391800.0,2021-02-02T00:00:00
897,97.0,97.309998,94.855003,96.5,96.5,248200.0,2021-02-03T00:00:00
898,97.199997,97.464996,95.029999,96.279999,96.279999,432200.0,2021-02-04T00:00:00
899,96.809998,102.160004,96.050003,102.120003,102.120003,671900.0,2021-02-05T00:00:00
900,102.599998,104.25,100.625,101.349998,101.349998,362300.0,2021-02-08T00:00:00
901,101.959999,105.129997,101.959999,104.599998,104.599998,296700.0,2021-02-09T00:00:00
902,105.010002,107.179001,101.599998,101.879997,101.879997,370300.0,2021-02-10T00:00:00
903,102.599998,103.93,101.446999,102.849998,102.849998,288600.0,2021-02-11T00:00:00
904,102.010002,104.040001,101.016998,103.769997,103.769997,219200.0,2021-02-12T00:00:00
905,105.940002,106.595001,100.059998,100.620003,100.620003,355300.0,2021-02-16T00:00:00
906,99.419998,99.419998,94.730003,97.410004,97.410004,411100.0,2021-02-17T00:00:00
907,96.360001,98.264999,95.349998,97.690002,97.690002,228400.0,2021-02-18T00:00:00
908,98.57,100.839996,97.940002,99.290001,99.290001,309000.0,2021-02-19T00:00:00
909,98.0,98.690002,94.190002,94.669998,94.669998,281100.0,2021-02-22T00:00:00
910,91.940002,94.230003,88.560997,92.900002,92.900002,424700.0,2021-02-23T00:00:00
911,93.639999,94.086998,91.285004,92.870003,92.870003,378500.0,2021-02-24T00:00:00
912,92.910004,94.199997,87.110001,88.739998,88.739998,600600.0,2021-02-25T00:00:00
913,90.510002,91.110001,86.400002,87.879997,87.879997,636600.0,2021-02-26T00:00:00
914,89.68,94.605003,89.43,93.970001,93.970001,325100.0,2021-03-01T00:00:00
915,94.279999,94.574997,90.875,91.110001,91.110001,310400.0,2021-03-02T00:00:00
916,90.5,91.830002,86.809998,87.050003,87.050003,300200.0,2021-03-03T00:00:00
917,86.5,87.989998,83.07,84.720001,84.720001,413200.0,2021-03-04T00:00:00
918,85.75,86.82,81.559998,86.639999,86.639999,361400.0,2021-03-05T00:00:00
919,86.269997,87.699997,82.794998,83.029999,83.029999,277800.0,2021-03-08T00:00:00
920,85.629997,88.811996,85.629997,87.879997,87.879997,245200.0,2021-03-09T00:00:00
921,89.599998,91.169998,87.760002,88.279999,88.279999,283100.0,2021-03-10T00:00:00
922,89.82,92.110001,89.663002,92.040001,92.040001,230400.0,2021-03-11T00:00:00
923,90.110001,90.550003,86.684998,87.239998,87.239998,387700.0,2021-03-12T00:00:00
924,86.800003,89.519997,85.410004,89.230003,89.230003,321500.0,2021-03-15T00:00:00
925,90.050003,91.309998,87.800003,88.610001,88.610001,396500.0,2021-03-16T00:00:00
926,88.029999,89.879997,86.589996,88.589996,88.589996,227200.0,2021-03-17T00:00:00
927,86.709999,87.580002,83.639999,84.059998,84.059998,342500.0,2021-03-18T00:00:00
928,83.690002,86.690002,83.690002,86.529999,86.529999,582000.0,2021-03-19T00:00:00
929,87.459999,89.199997,87.220001,87.440002,87.440002,229800.0,2021-03-22T00:00:00
930,87.279999,88.129997,83.849998,84.550003,84.550003,297200.0,2021-03-23T00:00:00
931,85.360001,85.889999,81.830002,82.029999,82.029999,271000.0,2021-03-24T00:00:00
932,81.709999,83.720001,80.421997,83.410004,83.410004,308500.0,2021-03-25T00:00:00
933,83.489998,87.32,82.989998,87.129997,87.129997,301800.0,2021-03-26T00:00:00
934,87.239998,88.510002,84.230003,85.220001,85.220001,424900.0,2021-03-29T00:00:00
935,84.330002,85.349998,82.345001,84.150002,84.150002,278500.0,2021-03-30T00:00:00
936,85.279999,87.029999,84.565002,86.379997,86.379997,360300.0,2021-03-31T00:00:00
937,87.480003,89.5,86.529999,87.529999,87.529999,272200.0,2021-04-01T00:00:00
938,88.529999,88.989998,86.709999,88.32,88.32,343800.0,2021-04-05T00:00:00
939,87.889999,89.190002,86.639999,87.720001,87.720001,282800.0,2021-04-06T00:00:00
940,87.470001,87.565002,85.68,85.730003,85.730003,239800.0,2021-04-07T00:00:00
941,88.599998,90.720001,87.629997,89.879997,89.879997,514800.0,2021-04-08T00:00:00
942,88.980003,89.0,85.769997,88.779999,88.779999,359200.0,2021-04-09T00:00:00
943,88.660004,91.639999,87.440002,91.300003,91.300003,265200.0,2021-04-12T00:00:00
944,92.129997,94.18,91.529999,93.239998,93.239998,265500.0,2021-04-13T00:00:00
945,93.580002,95.695,93.529999,94.25,94.25,331800.0,2021-04-14T00:00:00
946,95.57,95.739998,92.25,94.160004,94.160004,363000.0,2021-04-15T00:00:00
947,94.220001,95.260002,92.449997,94.900002,94.900002,230200.0,2021-04-16T00:00:00
948,95.370003,95.370003,91.809998,92.75,92.75,284100.0,2021-04-19T00:00:00
949,92.910004,92.910004,87.949997,88.470001,88.470001,305900.0,2021-04-20T00:00:00
950,87.830002,90.610001,87.199997,90.559998,90.559998,178000.0,2021-04-21T00:00:00
951,90.82,91.980003,89.099998,90.160004,90.160004,181300.0,2021-04-22T00:00:00
952,90.860001,93.519997,90.779999,93.160004,93.160004,200100.0,2021-04-23T00:00:00
953,93.589996,94.940002,93.0,94.724998,94.724998,196800.0,2021-04-26T00:00:00
954,94.989998,95.650002,93.720001,95.230003,95.230003,183200.0,2021-04-27T00:00:00
955,95.199997,95.825996,93.089996,94.129997,94.129997,227700.0,2021-04-28T00:00:00
956,95.089996,95.290001,90.349998,92.389999,92.389999,223000.0,2021-04-29T00:00:00
957,91.330002,92.859001,89.095001,89.760002,89.760002,341300.0,2021-04-30T00:00:00
958,90.82,90.879997,89.169998,89.190002,89.190002,425000.0,2021-05-03T00:00:00
959,88.889999,90.370003,84.230003,85.639999,85.639999,700600.0,2021-05-04T00:00:00
960,85.809998,88.457001,83.220001,83.980003,83.980003,469800.0,2021-05-05T00:00:00
961,83.510002,84.129997,81.330002,84.059998,84.059998,319800.0,2021-05-06T00:00:00
962,84.589996,86.709999,84.5,85.07,85.07,245700.0,2021-05-07T00:00:00
963,84.239998,85.0,81.709999,82.830002,82.830002,246600.0,2021-05-10T00:00:00
964,80.610001,84.849998,80.000999,84.010002,84.010002,197000.0,2021-05-11T00:00:00
965,81.889999,83.669998,80.309998,81.660004,81.660004,295100.0,2021-05-12T00:00:00
966,82.57,84.580002,78.519997,80.260002,80.260002,299100.0,2021-05-13T00:00:00
967,81.480003,83.264999,80.620003,82.510002,82.510002,184600.0,2021-05-14T00:00:00
968,81.68,82.309998,78.945,79.510002,79.510002,238700.0,2021-05-17T00:00:00
969,79.970001,80.230003,78.589996,78.709999,78.709999,666800.0,2021-05-18T00:00:00
970,76.809998,78.919998,75.900002,78.400002,78.400002,334500.0,2021-05-19T00:00:00
971,78.809998,81.139999,78.809998,80.25,80.25,433500.0,2021-05-20T00:00:00
972,81.309998,82.300003,79.75,79.82,79.82,395300.0,2021-05-21T00:00:00
973,81.089996,81.760002,80.160004,81.540001,81.540001,329900.0,2021-05-24T00:00:00
974,82.089996,82.309998,81.089996,81.230003,81.230003,478800.0,2021-05-25T00:00:00
975,81.690002,82.639999,80.93,81.269997,81.269997,217800.0,2021-05-26T00:00:00
976,81.32,81.620003,79.980003,80.989998,80.989998,184800.0,2021-05-27T00:00:00
977,81.440002,82.519997,80.889999,81.879997,81.879997,245200.0,2021-05-28T00:00:00
978,82.07,82.519997,81.0,81.709999,81.709999,247500.0,2021-06-01T00:00:00
979,81.949997,82.459999,79.292,79.580002,79.580002,387300.0,2021-06-02T00:00:00
980,79.0,79.040001,76.794998,78.080002,78.080002,196800.0,2021-06-03T00:00:00
981,78.43,80.040001,78.385002,79.870003,79.870003,190100.0,2021-06-04T00:00:00
982,79.739998,80.940002,79.690002,80.309998,80.309998,219600.0,2021-06-07T00:00:00
983,80.779999,82.889999,80.779999,82.629997,82.629997,440200.0,2021-06-08T00:00:00
984,82.830002,83.110001,80.709999,81.0,81.0,196200.0,2021-06-09T00:00:00
985,81.389999,82.209999,80.690002,81.139999,81.139999,146800.0,2021-06-10T00:00:00
986,81.279999,82.639999,81.209999,82.599998,82.599998,154500.0,2021-06-11T00:00:00
987,83.220001,84.940002,83.129997,83.660004,83.660004,261400.0,2021-06-14T00:00:00
988,82.699997,83.510002,80.720001,81.339996,81.339996,201800.0,2021-06-15T00:00:00
989,81.339996,82.75,81.139999,82.269997,82.269997,222000.0,2021-06-16T00:00:00
990,81.580002,84.75,80.870003,83.580002,83.580002,313200.0,2021-06-17T00:00:00
991,83.195,84.470001,82.550003,83.290001,83.290001,421600.0,2021-06-18T00:00:00
992,83.290001,84.07,82.169998,83.160004,83.160004,204700.0,2021-06-21T00:00:00
993,83.230003,84.0,81.459999,83.470001,83.470001,252800.0,2021-06-22T00:00:00
994,83.779999,84.190002,82.510002,83.279999,83.279999,174900.0,2021-06-23T00:00:00
995,84.089996,85.209999,83.828003,84.559998,84.559998,154200.0,2021-06-24T00:00:00
996,84.879997,86.470001,84.230003,86.300003,86.300003,578100.0,2021-06-25T00:00:00
997,87.370003,87.959999,86.459999,87.040001,87.040001,164800.0,2021-06-28T00:00:00
998,86.620003,88.099998,86.449997,87.879997,87.879997,141900.0,2021-06-29T00:00:00
999,87.529999,87.529999,84.660004,84.699997,84.699997,203700.0,2021-06-30T00:00:00
1000,84.32,86.470001,84.089996,86.389999,86.389999,186500.0,2021-07-01T00:00:00
1001,86.82,87.459999,85.878998,86.309998,86.309998,133800.0,2021-07-02T00:00:00
1002,86.900002,87.779999,84.980003,86.589996,86.589996,151600.0,2021-07-06T00:00:00
1003,86.959999,87.5,84.709999,85.610001,85.610001,114900.0,2021-07-07T00:00:00
1004,83.889999,85.919998,83.0,85.260002,85.260002,188700.0,2021-07-08T00:00:00
1005,85.300003,87.106003,84.940002,86.870003,86.870003,95600.0,2021-07-09T00:00:00
1006,86.580002,87.269997,85.760002,86.489998,86.489998,173800.0,2021-07-12T00:00:00
1007,86.230003,86.230003,84.540001,85.440002,85.440002,162400.0,2021-07-13T00:00:00
1008,86.120003,86.120003,84.470001,84.480003,84.480003,244700.0,2021-07-14T00:00:00
1009,84.25,84.25,80.629997,80.959999,80.959999,206600.0,2021-07-15T00:00:00
1010,82.269997,82.269997,79.910004,80.0,80.0,214200.0,2021-07-16T00:00:00
1011,78.739998,81.029999,77.915001,78.989998,78.989998,413600.0,2021-07-19T00:00:00
1012,79.650002,82.055,79.220001,81.239998,81.239998,452500.0,2021-07-20T00:00:00
1013,81.339996,82.612999,81.290001,82.050003,82.050003,246000.0,2021-07-21T00:00:00
1014,82.5,83.330002,80.809998,81.019997,81.019997,162500.0,2021-07-22T00:00:00
1015,81.290001,82.394997,80.779999,82.18,82.18,130800.0,2021-07-23T00:00:00
1016,82.059998,82.120003,80.230003,81.330002,81.330002,167500.0,2021-07-26T00:00:00
1017,81.059998,81.190002,78.139999,80.169998,80.169998,259700.0,2021-07-27T00:00:00
1018,80.849998,83.019997,80.199997,82.470001,82.470001,137400.0,2021-07-28T00:00:00
1019,82.440002,84.190002,82.269997,83.440002,83.440002,129300.0,2021-07-29T00:00:00
1020,82.309998,83.510002,82.110001,83.220001,83.220001,175700.0,2021-07-30T00:00:00
1021,83.279999,85.129997,83.037003,84.330002,84.330002,278600.0,2021-08-02T00:00:00
1022,84.550003,86.209999,83.620003,85.989998,85.989998,245600.0,2021-08-03T00:00:00
1023,85.589996,86.279999,83.919998,84.029999,84.029999,112900.0,2021-08-04T00:00:00
1024,84.199997,85.790001,84.055,85.410004,85.410004,217800.0,2021-08-05T00:00:00
1025,92.529999,94.449997,87.720001,90.279999,90.279999,291500.0,2021-08-06T00:00:00
1026,89.830002,89.870003,86.32,86.620003,86.620003,189900.0,2021-08-09T00:00:00
1027,86.68,87.764999,85.129997,86.989998,86.989998,296700.0,2021-08-10T00:00:00
1028,87.080002,87.080002,84.25,85.629997,85.629997,130700.0,2021-08-11T00:00:00
1029,85.43,86.239998,84.599998,85.709999,85.709999,126100.0,2021-08-12T00:00:00
1030,86.080002,86.080002,83.849998,83.860001,83.860001,124800.0,2021-08-13T00:00:00
1031,83.25,83.491997,81.144997,81.510002,81.510002,180600.0,2021-08-16T00:00:00
1032,80.57,82.588997,79.059998,79.150002,79.150002,230800.0,2021-08-17T00:00:00
1033,79.010002,79.144997,77.0,77.099998,77.099998,235700.0,2021-08-18T00:00:00
1034,76.540001,78.150002,75.559998,77.339996,77.339996,225900.0,2021-08-19T00:00:00
1035,77.330002,79.599998,77.260002,79.5,79.5,260000.0,2021-08-20T00:00:00
1036,79.769997,82.199997,79.709999,82.080002,82.080002,189700.0,2021-08-23T00:00:00
1037,82.5,83.199997,81.129997,81.779999,81.779999,206700.0,2021-08-24T00:00:00
1038,81.790001,82.265999,80.75,81.239998,81.239998,117000.0,2021-08-25T00:00:00
1039,80.940002,82.150002,80.580002,81.129997,81.129997,160200.0,2021-08-26T00:00:00
1040,81.07,83.879997,81.07,83.709999,83.709999,228400.0,2021-08-27T00:00:00
1041,84.150002,84.230003,82.339996,83.330002,83.330002,184700.0,2021-08-30T00:00:00
1042,83.489998,84.449997,82.629997,84.330002,84.330002,179400.0,2021-08-31T00:00:00
1043,84.489998,85.379997,84.489998,85.279999,85.279999,107700.0,2021-09-01T00:00:00
1044,85.82,86.285004,85.0,85.290001,85.290001,113800.0,2021-09-02T00:00:00
1045,84.93,85.330002,83.624001,85.139999,85.139999,166100.0,2021-09-03T00:00:00
1046,85.32,85.32,83.25,83.260002,83.260002,160100.0,2021-09-07T00:00:00
1047,82.769997,83.089996,80.379997,80.580002,80.580002,257100.0,2021-09-08T00:00:00
1048,80.160004,81.915001,79.345001,80.830002,80.830002,156700.0,2021-09-09T00:00:00
1049,81.18,83.290001,79.485001,79.620003,79.620003,253800.0,2021-09-10T00:00:00
1050,80.010002,80.5,78.675003,80.5,80.5,137100.0,2021-09-13T00:00:00
1051,80.949997,80.949997,78.629997,80.43,80.43,152000.0,2021-09-14T00:00:00
1052,80.709999,82.599998,79.050003,82.510002,82.510002,281100.0,2021-09-15T00:00:00
1053,82.769997,83.489998,82.029999,82.779999,82.779999,160400.0,2021-09-16T00:00:00
1054,83.580002,83.989998,81.355003,81.449997,81.449997,562000.0,2021-09-17T00:00:00
1055,79.230003,79.555,76.209999,79.199997,79.199997,402600.0,2021-09-20T00:00:00
1056,80.25,80.794998,78.209999,79.089996,79.089996,174400.0,2021-09-21T00:00:00
1057,79.629997,81.0,79.120003,80.900002,80.900002,128100.0,2021-09-22T00:00:00
1058,81.629997,82.889999,81.099998,82.459999,82.459999,178100.0,2021-09-23T00:00:00
1059,81.709999,82.410004,80.900002,82.019997,82.019997,133100.0,2021-09-24T00:00:00
1060,82.0,82.919998,80.800003,82.510002,82.510002,124600.0,2021-09-27T00:00:00
1061,81.470001,81.709999,79.386002,79.639999,79.639999,220100.0,2021-09-28T00:00:00
1062,80.529999,80.800003,79.190002,79.419998,79.419998,113500.0,2021-09-29T00:00:00
1063,79.830002,80.550003,78.110001,78.190002,78.190002,94100.0,2021-09-30T00:00:00
1064,78.669998,79.970001,77.650002,79.57,79.57,155800.0,2021-10-01T00:00:00
1065,79.239998,79.239998,75.065002,77.830002,77.830002,280900.0,2021-10-04T00:00:00
1066,78.110001,79.894997,77.57,77.870003,77.870003,161200.0,2021-10-05T00:00:00
1067,77.010002,78.349998,76.855003,78.290001,78.290001,106600.0,2021-10-06T00:00:00
1068,79.050003,80.769997,79.050003,80.239998,80.239998,134800.0,2021-10-07T00:00:00
1069,80.650002,80.980003,77.959999,78.089996,78.089996,105600.0,2021-10-08T00:00:00
1070,78.099998,79.195,76.650002,76.730003,76.730003,118100.0,2021-10-11T00:00:00
1071,77.0,79.059998,76.239998,78.239998,78.239998,96100.0,2021-10-12T00:00:00
1072,78.870003,80.209999,78.449997,78.949997,78.949997,151500.0,2021-10-13T00:00:00
1073,79.879997,81.220001,79.879997,81.110001,81.110001,93200.0,2021-10-14T00:00:00
1074,82.239998,82.980003,81.120003,81.160004,81.160004,141500.0,2021-10-15T00:00:00
1075,80.370003,81.669998,80.230003,80.419998,80.419998,120500.0,2021-10-18T00:00:00
1076,80.669998,82.0,80.419998,81.980003,81.980003,62700.0,2021-10-19T00:00:00
1077,82.029999,82.029999,79.875999,80.900002,80.900002,93800.0,2021-10-20T00:00:00
1078,80.730003,82.07,80.279999,81.330002,81.330002,125400.0,2021-10-21T00:00:00
1079,81.0,81.889999,80.410004,81.07,81.07,115100.0,2021-10-22T00:00:00
1080,81.139999,81.709999,80.099998,81.529999,81.529999,82500.0,2021-10-25T00:00:00
1081,82.0,82.049004,81.089996,81.110001,81.110001,89500.0,2021-10-26T00:00:00
1082,81.099998,81.739998,79.849998,80.260002,80.260002,97400.0,2021-10-27T00:00:00
1083,80.709999,83.360001,80.709999,83.139999,83.139999,137600.0,2021-10-28T00:00:00
1084,82.769997,84.440002,82.565002,84.260002,84.260002,131600.0,2021-10-29T00:00:00
1085,84.139999,85.709999,83.68,85.480003,85.480003,153100.0,2021-11-01T00:00:00
1086,85.419998,85.849998,84.25,85.839996,85.839996,103400.0,2021-11-02T00:00:00
1087,85.330002,87.434998,85.220001,87.169998,87.169998,142100.0,2021-11-03T00:00:00
1088,87.300003,89.0,85.75,85.879997,85.879997,274900.0,2021-11-04T00:00:00
1089,87.650002,90.110001,85.860001,89.519997,89.519997,285700.0,2021-11-05T00:00:00
1090,90.080002,90.279999,87.029999,89.519997,89.519997,193400.0,2021-11-08T00:00:00
1091,89.650002,90.690002,87.029999,87.839996,87.839996,159500.0,2021-11-09T00:00:00
1092,87.269997,88.230003,84.260002,85.199997,85.199997,127700.0,2021-11-10T00:00:00
1093,85.629997,86.07,84.25,84.959999,84.959999,133800.0,2021-11-11T00:00:00
1094,85.220001,85.889999,84.875,85.82,85.82,117300.0,2021-11-12T00:00:00
1095,85.169998,85.286003,83.099998,83.650002,83.650002,196200.0,2021-11-15T00:00:00
1096,83.260002,85.220001,83.139999,85.169998,85.169998,219100.0,2021-11-16T00:00:00
1097,84.849998,85.809998,84.019997,84.25,84.25,135900.0,2021-11-17T00:00:00
1098,84.400002,85.360001,81.489998,83.379997,83.379997,201600.0,2021-11-18T00:00:00
1099,83.580002,84.665001,82.279999,83.080002,83.080002,185100.0,2021-11-19T00:00:00
1100,83.379997,84.589996,81.809998,83.949997,83.949997,303000.0,2021-11-22T00:00:00
1101,84.279999,85.580002,81.099998,82.75,82.75,414400.0,2021-11-23T00:00:00
1102,82.160004,82.809998,81.330002,82.040001,82.040001,208200.0,2021-11-24T00:00:00
1103,80.199997,82.220001,78.760002,79.129997,79.129997,145300.0,2021-11-26T00:00:00
1104,80.550003,81.019997,79.199997,80.199997,80.199997,325400.0,2021-11-29T00:00:00
1105,80.18,80.605003,78.459999,79.790001,79.790001,351200.0,2021-11-30T00:00:00
1106,81.410004,81.410004,78.279999,79.0,79.0,353100.0,2021-12-01T00:00:00
1107,79.110001,80.110001,78.239998,79.169998,79.169998,256200.0,2021-12-02T00:00:00
1108,79.5,79.834999,77.169998,78.68,78.68,414700.0,2021-12-03T00:00:00
1109,79.349998,79.839996,77.610001,79.470001,79.470001,251600.0,2021-12-06T00:00:00
1110,80.470001,82.550003,80.169998,81.75,81.75,247300.0,2021-12-07T00:00:00
1111,82.120003,84.050003,81.190002,83.82,83.82,141500.0,2021-12-08T00:00:00
1112,83.07,84.099998,80.669998,80.849998,80.849998,137100.0,2021-12-09T00:00:00
1113,81.370003,81.599998,79.389999,80.199997,80.199997,111400.0,2021-12-10T00:00:00
1114,79.809998,80.739998,77.360001,77.410004,77.410004,221700.0,2021-12-13T00:00:00
1115,76.650002,76.980003,73.93,75.519997,75.519997,209800.0,2021-12-14T00:00:00
1116,75.309998,77.68,73.605003,77.580002,77.580002,258100.0,2021-12-15T00:00:00
1117,78.07,78.550003,75.0,76.220001,76.220001,280500.0,2021-12-16T00:00:00
1118,75.720001,80.669998,74.699997,79.809998,79.809998,801200.0,2021-12-17T00:00:00
1119,78.690002,79.669998,77.805,78.300003,78.300003,228900.0,2021-12-20T00:00:00
1120,79.080002,82.239998,78.974998,81.800003,81.800003,229200.0,2021-12-21T00:00:00
1121,81.980003,83.010002,80.889999,82.239998,82.239998,139200.0,2021-12-22T00:00:00
1122,82.410004,83.029999,81.775002,82.82,82.82,102700.0,2021-12-23T00:00:00
1123,82.910004,84.709999,82.910004,84.559998,84.559998,125200.0,2021-12-27T00:00:00
1124,84.830002,85.730003,83.860001,84.050003,84.050003,131600.0,2021-12-28T00:00:00
1125,84.32,84.910004,83.550003,84.269997,84.269997,148400.0,2021-12-29T00:00:00
1126,84.489998,85.339996,82.739998,84.370003,84.370003,169000.0,2021-12-30T00:00:00
1127,84.43,85.470001,84.315002,84.809998,84.809998,134000.0,2021-12-31T00:00:00
1128,84.940002,85.370003,83.0,83.760002,83.760002,172700.0,2022-01-03T00:00:00
1129,83.760002,84.790001,82.610001,84.68,84.68,212100.0,2022-01-04T00:00:00
1130,84.410004,84.879997,80.25,80.550003,80.550003,244200.0,2022-01-05T00:00:00
1131,80.190002,81.75,78.449997,80.809998,80.809998,153800.0,2022-01-06T00:00:00
1132,80.330002,81.760002,77.739998,77.760002,77.760002,208300.0,2022-01-07T00:00:00
1133,76.730003,78.910004,75.110001,78.779999,78.779999,194100.0,2022-01-10T00:00:00
1134,78.480003,80.903,77.720001,80.650002,80.650002,174400.0,2022-01-11T00:00:00
1135,80.830002,82.769997,79.260002,79.900002,79.900002,152900.0,2022-01-12T00:00:00
1136,80.199997,80.440002,77.540001,77.730003,77.730003,127100.0,2022-01-13T00:00:00
1137,77.0,79.07,76.5,78.349998,78.349998,210800.0,2022-01-14T00:00:00
1138,76.949997,78.0,75.527,75.989998,75.989998,298600.0,2022-01-18T00:00:00
1139,76.370003,77.599998,75.010002,75.330002,75.330002,206500.0,2022-01-19T00:00:00
1140,75.760002,77.599998,74.349998,74.589996,74.589996,334500.0,2022-01-20T00:00:00
1141,74.139999,75.879997,73.010002,73.059998,73.059998,399700.0,2022-01-21T00:00:00
1142,71.839996,75.699997,69.864998,75.5,75.5,316100.0,2022-01-24T00:00:00
1143,74.18,75.07,72.220001,73.309998,73.309998,190100.0,2022-01-25T00:00:00
1144,74.589996,75.940002,71.440002,72.169998,72.169998,167300.0,2022-01-26T00:00:00
1145,73.419998,73.419998,68.709999,68.870003,68.870003,315800.0,2022-01-27T00:00:00
1146,69.019997,70.989998,67.657997,70.980003,70.980003,425900.0,2022-01-28T00:00:00
1147,70.900002,74.919998,70.900002,74.57,74.57,383100.0,2022-01-31T00:00:00
1148,74.589996,75.300003,72.599998,73.57,73.57,329200.0,2022-02-01T00:00:00
1149,73.470001,73.709999,72.059998,72.300003,72.300003,298900.0,2022-02-02T00:00:00
1150,70.730003,71.739998,69.550003,69.839996,69.839996,324000.0,2022-02-03T00:00:00
1151,70.239998,71.764999,68.639999,70.900002,70.900002,220600.0,2022-02-04T00:00:00
1152,70.790001,72.050003,70.099998,70.510002,70.510002,137700.0,2022-02-07T00:00:00
1153,70.139999,71.949997,70.110001,71.470001,71.470001,222600.0,2022-02-08T00:00:00
1154,72.349998,73.580002,71.959999,72.620003,72.620003,225700.0,2022-02-09T00:00:00
1155,71.0,73.160004,70.480003,70.809998,70.809998,212600.0,2022-02-10T00:00:00
1156,71.18,71.779999,69.443001,70.059998,70.059998,214700.0,2022-02-11T00:00:00
1157,70.349998,71.900002,70.0,70.870003,70.870003,223500.0,2022-02-14T00:00:00
1158,72.129997,73.309998,71.639999,72.900002,72.900002,232700.0,2022-02-15T00:00:00
1159,72.419998,72.699997,70.809998,71.959999,71.959999,302500.0,2022-02-16T00:00:00
1160,71.32,71.32,69.860001,70.040001,70.040001,170400.0,2022-02-17T00:00:00
1161,69.839996,70.839996,68.779999,68.839996,68.839996,255900.0,2022-02-18T00:00:00
1162,67.989998,69.565002,67.769997,68.07,68.07,237400.0,2022-02-22T00:00:00
1163,68.43,69.25,65.824997,65.980003,65.980003,214400.0,2022-02-23T00:00:00
1164,63.459999,69.434998,62.880001,69.050003,69.050003,301800.0,2022-02-24T00:00:00
1165,65.769997,68.529999,60.700001,65.230003,65.230003,431500.0,2022-02-25T00:00:00
1166,64.760002,66.480003,64.760002,65.830002,65.830002,426200.0,2022-02-28T00:00:00
1167,66.0,68.0,64.419998,66.330002,66.330002,397000.0,2022-03-01T00:00:00
1168,67.019997,68.870003,66.370003,68.410004,68.410004,366100.0,2022-03-02T00:00:00
1169,68.68,68.830002,66.940002,67.400002,67.400002,275200.0,2022-03-03T00:00:00
1170,67.029999,67.279999,64.940002,65.43,65.43,408000.0,2022-03-04T00:00:00
1171,66.019997,66.019997,63.959999,64.720001,64.720001,327300.0,2022-03-07T00:00:00
1172,64.610001,66.18,64.330002,64.93,64.93,359400.0,2022-03-08T00:00:00
1173,66.440002,67.639999,66.039001,66.699997,66.699997,261500.0,2022-03-09T00:00:00
1174,65.300003,66.32,64.455002,66.089996,66.089996,198000.0,2022-03-10T00:00:00
1175,66.57,66.68,64.370003,64.440002,64.440002,214200.0,2022-03-11T00:00:00
1176,64.339996,65.455002,62.5,62.740002,62.740002,216100.0,2022-03-14T00:00:00
1177,62.849998,63.849998,61.82,63.57,63.57,225900.0,2022-03-15T00:00:00
1178,64.209999,65.349998,63.400002,65.190002,65.190002,265400.0,2022-03-16T00:00:00
1179,64.769997,66.290001,63.07,65.940002,65.940002,180000.0,2022-03-17T00:00:00
1180,65.970001,67.760002,65.660004,67.690002,67.690002,404200.0,2022-03-18T00:00:00
1181,67.5,67.964996,66.790001,67.720001,67.720001,148300.0,2022-03-21T00:00:00
1182,67.669998,69.239998,65.029999,67.669998,67.669998,238500.0,2022-03-22T00:00:00
1183,67.110001,67.110001,65.099998,65.260002,65.260002,263100.0,2022-03-23T00:00:00
1184,65.910004,66.68,65.279999,66.480003,66.480003,198700.0,2022-03-24T00:00:00
1185,67.080002,67.080002,64.529999,65.260002,65.260002,212900.0,2022-03-25T00:00:00
1186,65.040001,66.400002,64.779999,65.93,65.93,233700.0,2022-03-28T00:00:00
1187,67.0,68.309998,67.0,67.989998,67.989998,360400.0,2022-03-29T00:00:00
1188,67.519997,68.529999,66.900002,67.279999,67.279999,224700.0,2022-03-30T00:00:00
1189,67.129997,67.720001,66.32,66.459999,66.459999,242400.0,2022-03-31T00:00:00
1190,66.419998,67.495003,66.360001,67.260002,67.260002,272100.0,2022-04-01T00:00:00
1191,67.370003,68.190002,67.209999,67.980003,67.980003,312400.0,2022-04-04T00:00:00
1192,67.779999,68.239998,65.589996,65.989998,65.989998,327900.0,2022-04-05T00:00:00
1193,65.18,65.18,62.470001,62.66,62.66,411300.0,2022-04-06T00:00:00
1194,62.43,64.089996,61.428001,62.150002,62.150002,310900.0,2022-04-07T00:00:00
1195,62.0,62.584999,61.060001,61.259998,61.259998,269400.0,2022-04-08T00:00:00
1196,60.939999,61.825001,60.360001,61.060001,61.060001,228300.0,2022-04-11T00:00:00
1197,62.119999,63.110001,61.029999,61.189999,61.189999,329000.0,2022-04-12T00:00:00
1198,61.029999,62.18,60.619999,61.669998,61.669998,434800.0,2022-04-13T00:00:00
1199,62.02,62.110001,59.07,59.139999,59.139999,242600.0,2022-04-14T00:00:00
1200,59.150002,59.400002,57.880001,58.599998,58.599998,288800.0,2022-04-18T00:00:00
1201,58.139999,60.529999,58.139999,60.150002,60.150002,236200.0,2022-04-19T00:00:00
1202,61.060001,61.57,59.970001,59.990002,59.990002,238300.0,2022-04-20T00:00:00
1203,60.619999,61.994999,59.334999,60.639999,60.639999,412000.0,2022-04-21T00:00:00
1204,60.619999,61.93,59.720001,60.450001,60.450001,462900.0,2022-04-22T00:00:00
1205,60.220001,62.119999,60.209999,61.900002,61.900002,406000.0,2022-04-25T00:00:00
1206,61.349998,61.93,60.220001,61.07,61.07,476100.0,2022-04-26T00:00:00
1207,60.880001,61.740002,59.540001,59.93,59.93,500100.0,2022-04-27T00:00:00
1208,60.439999,62.400002,59.73,61.759998,61.759998,256700.0,2022-04-28T00:00:00
1209,61.59,62.529999,60.799999,61.080002,61.080002,307100.0,2022-04-29T00:00:00
1210,61.009998,62.549999,60.700001,62.290001,62.290001,276100.0,2022-05-02T00:00:00
1211,62.169998,62.66,61.619999,62.259998,62.259998,308700.0,2022-05-03T00:00:00
1212,62.349998,64.25,60.389999,63.98,63.98,293900.0,2022-05-04T00:00:00
1213,62.919998,63.0,59.459999,60.16,60.16,512000.0,2022-05-05T00:00:00
1214,58.560001,59.334999,56.32,57.029999,57.029999,404300.0,2022-05-06T00:00:00
1215,55.869999,56.790001,55.02,56.009998,56.009998,254800.0,2022-05-09T00:00:00
1216,57.34,59.150002,55.459999,57.790001,57.790001,431500.0,2022-05-10T00:00:00
1217,57.299999,58.57,55.189999,55.669998,55.669998,358100.0,2022-05-11T00:00:00
1218,55.02,57.290001,54.990002,57.290001,57.290001,318700.0,2022-05-12T00:00:00
1219,57.900002,60.049999,57.849998,59.099998,59.099998,289600.0,2022-05-13T00:00:00
1220,58.630001,59.119999,57.139999,57.310001,57.310001,386200.0,2022-05-16T00:00:00
1221,58.189999,59.830002,57.724998,59.779999,59.779999,458800.0,2022-05-17T00:00:00
1222,58.57,60.0,58.299999,59.419998,59.419998,578600.0,2022-05-18T00:00:00
1223,59.43,61.970001,59.43,61.110001,61.110001,307200.0,2022-05-19T00:00:00
1224,61.709999,62.0,60.75,61.91,61.91,302000.0,2022-05-20T00:00:00
1225,61.990002,62.830002,61.189999,62.16,62.16,279300.0,2022-05-23T00:00:00
1226,61.560001,63.029999,60.509998,62.59,62.59,281600.0,2022-05-24T00:00:00
1227,62.349998,63.708,62.16,62.799999,62.799999,265800.0,2022-05-25T00:00:00
1228,62.939999,65.364998,62.601002,65.190002,65.190002,418800.0,2022-05-26T00:00:00
1229,65.980003,66.550003,65.029999,65.440002,65.440002,208800.0,2022-05-27T00:00:00
1230,64.949997,65.440002,62.360001,63.23,63.23,402400.0,2022-05-31T00:00:00
1231,63.849998,64.480003,62.445,63.439999,63.439999,191700.0,2022-06-01T00:00:00
1232,63.32,66.360001,63.32,66.040001,66.040001,154500.0,2022-06-02T00:00:00
1233,65.400002,65.989998,64.519997,65.120003,65.120003,250100.0,2022-06-03T00:00:00
1234,65.620003,65.800003,64.300003,64.739998,64.739998,139300.0,2022-06-06T00:00:00
1235,63.740002,65.089996,63.740002,64.599998,64.599998,155100.0,2022-06-07T00:00:00
1236,64.470001,64.82,63.200001,63.299999,63.299999,147000.0,2022-06-08T00:00:00
1237,62.779999,63.419998,61.740002,62.279999,62.279999,162100.0,2022-06-09T00:00:00
1238,60.779999,61.865002,60.720001,61.32,61.32,188600.0,2022-06-10T00:00:00
1239,59.439999,60.439999,58.93,59.5,59.5,408400.0,2022-06-13T00:00:00
1240,59.59,59.73,57.959999,58.869999,58.869999,182700.0,2022-06-14T00:00:00
1241,59.02,60.650002,59.0,59.950001,59.950001,270900.0,2022-06-15T00:00:00
1242,58.75,58.799999,57.27,58.150002,58.150002,266900.0,2022-06-16T00:00:00
1243,58.900002,60.919998,58.889999,60.709999,60.709999,572300.0,2022-06-17T00:00:00
1244,61.209999,61.98,59.764999,60.150002,60.150002,202600.0,2022-06-21T00:00:00
1245,59.869999,60.799999,59.560001,60.139999,60.139999,233600.0,2022-06-22T00:00:00
1246,60.470001,61.810001,59.939999,61.66,61.66,136500.0,2022-06-23T00:00:00
1247,62.369999,64.07,62.369999,64.059998,64.059998,337200.0,2022-06-24T00:00:00
1248,64.139999,64.434998,63.174999,63.220001,63.220001,111400.0,2022-06-27T00:00:00
1249,63.23,63.580002,61.599998,61.66,61.66,130400.0,2022-06-28T00:00:00
1250,61.700001,61.900002,60.424999,61.32,61.32,177100.0,2022-06-29T00:00:00
1251,60.66,62.02,59.724998,61.860001,61.860001,243700.0,2022-06-30T00:00:00
1252,61.639999,63.009998,61.16,62.380001,62.380001,207700.0,2022-07-01T00:00:00
1253,61.549999,63.220001,60.810001,63.200001,63.200001,247500.0,2022-07-05T00:00:00
1254,63.369999,63.867001,62.889999,63.169998,63.169998,87500.0,2022-07-06T00:00:00
1255,63.700001,65.779999,63.389999,65.239998,65.239998,161500.0,2022-07-07T00:00:00
1256,64.639999,65.544998,63.950001,65.089996,65.089996,108300.0,2022-07-08T00:00:00
